,시점,관측지점별,평균기온 (℃),평균최고기온 (℃),평균최저기온 (℃),최고기온 (℃),최저기온 (℃),합계강수량 (mm),평균지면온도 (℃),대분류
0,2002,속초,12.0,16.3,8.0,36.6,-11.0,1550.3,13.3,강원도
1,2002,철원,10.1,16.1,4.5,34.4,-24.4,1289.3,12.0,강원도
2,2002,동두천,11.1,17.5,5.8,35.6,-20.4,1261.1,14.3,경기도
3,2002,파주,10.8,16.9,5.4,35.0,-21.8,1225.0,12.6,경기도
4,2002,대관령,7.5,12.7,2.9,30.6,-19.2,2697.6,9.1,강원도
5,2002,춘천,11.6,17.7,6.2,35.7,-20.7,1177.7,12.6,강원도
6,2002,백령도,10.9,14.4,8.2,33.5,-8.7,568.6,12.7,인천광역시
7,2002,강릉,13.2,17.4,9.3,35.5,-10.3,2066.2,13.8,강원도
8,2002,동해,11.8,16.2,7.8,34.4,-9.5,1632.8,14.4,강원도
9,2002,서울,12.9,17.2,9.1,34.8,-12.0,1388.0,13.1,서울특별시
10,2002,인천,13.1,17.8,9.4,37.0,-10.6,1033.7,14.6,인천광역시
11,2002,원주,11.7,17.5,6.6,34.8,-17.7,1481.7,13.2,경상북도
12,2002,울릉도,12.2,15.8,9.6,31.9,-7.8,1950.1,13.8,경상북도
13,2002,수원,11.7,16.5,7.2,34.5,-13.3,1231.7,13.0,경기도
14,2002,영월,10.3,16.5,4.7,33.9,-21.9,1406.5,13.5,강원도
15,2002,충주,11.2,17.0,6.0,34.9,-17.0,1469.6,12.6,충청북도
16,2002,서산,11.8,17.5,6.8,35.1,-12.7,1387.6,13.5,충청남도
17,2002,울진,12.7,17.3,8.5,36.3,-9.1,1440.5,14.3,경상북도
18,2002,청주,12.8,17.9,8.1,34.7,-13.1,1281.8,14.3,충청북도
19,2002,대전,13.3,18.4,8.8,34.2,-12.0,1378.7,16.1,대전광역시
20,2002,추풍령,11.8,17.9,6.5,34.1,-12.0,1459.7,14.4,충청북도
21,2002,안동,11.9,17.9,6.6,34.2,-14.1,1286.5,13.7,경상북도
22,2002,상주,12.6,18.6,7.5,35.0,-10.6,1245.7,13.8,경상북도
23,2002,포항,14.2,18.6,10.6,35.4,-7.5,1185.0,16.1,경상북도
24,2002,군산,13.1,17.4,9.8,35.3,-7.6,1193.2,14.5,전라북도
25,2002,대구,14.1,19.3,9.6,35.4,-8.5,1291.3,13.9,대구광역시
26,2002,전주,13.7,19.2,8.9,36.2,-9.7,1130.1,15.9,전라북도
27,2002,울산,14.4,19.3,10.2,35.0,-6.1,1559.8,16.6,울산광역시
28,2002,창원,14.9,19.2,11.4,36.2,-6.6,1873.2,15.3,경상남도
29,2002,광주,13.9,19.3,9.4,35.3,-7.5,1458.7,15.1,광주광역시
30,2002,부산,14.7,18.9,11.4,33.4,-6.2,2085.2,16.6,부산광역시
31,2002,통영,14.9,19.5,11.1,34.7,-6.3,1875.1,15.1,경상남도
32,2002,목포,13.9,18.0,10.5,32.7,-3.5,1162.2,16.3,전라남도
33,2002,여수,14.9,18.3,12.1,32.3,-4.2,1610.3,16.0,전라남도
34,2002,흑산도,13.2,16.2,11.0,30.0,-1.7,815.7,13.8,전라남도
35,2002,완도,13.7,18.4,9.8,32.5,-3.7,1853.8,15.0,전라남도
36,2002,진도(첨찰산),12.4,16.7,9.4,30.9,-5.5,1520.3,14.2,전라남도
37,2002,제주,15.8,18.7,13.1,35.0,0.6,1704.1,17.2,제주도
38,2002,고산,15.3,18.5,12.7,31.8,0.9,1225.8,18.3,제주도
39,2002,성산,15.7,19.4,12.2,31.8,-2.5,1781.5,14.2,제주도
40,2002,서귀포,17.3,20.8,14.2,34.0,1.2,1877.2,17.3,제주도
41,2002,진주,13.4,19.9,7.6,35.5,-11.5,1817.1,15.5,경상남도
42,2002,강화,10.8,15.9,6.2,34.3,-15.8,1156.5,13.0,인천광역시
43,2002,양평,11.7,17.7,6.5,35.2,-19.1,1333.1,12.8,경기도
44,2002,이천,11.4,17.7,6.0,34.5,-17.0,1394.6,12.9,경기도
45,2002,인제,10.5,16.6,5.3,34.5,-22.2,1243.2,11.2,강원도
46,2002,홍천,10.2,16.9,4.6,35.7,-22.0,1365.5,13.1,강원도
47,2002,태백,8.9,14.3,4.0,32.4,-16.1,1780.3,9.7,강원도
48,2002,제천,10.4,16.8,4.6,35.0,-23.7,1500.4,12.4,충청북도
49,2002,보은,11.2,17.3,5.8,32.9,-14.6,1284.9,13.3,충청북도
50,2002,천안,11.8,17.7,6.3,34.7,-15.3,1312.5,13.5,충청남도
51,2002,보령,12.8,17.4,8.9,34.9,-7.4,1453.2,14.0,충청남도
52,2002,부여,12.2,18.4,7.0,35.5,-12.6,1274.0,14.4,충청남도
53,2002,금산,11.9,18.5,6.3,34.2,-13.9,1390.7,18.4,충청남도
54,2002,부안,12.9,18.4,8.4,35.7,-10.5,1248.7,13.8,전라북도
55,2002,임실,11.2,17.8,5.6,34.0,-13.6,1580.3,12.9,전라북도
56,2002,정읍,13.2,18.9,8.4,35.9,-10.6,1259.0,14.2,전라북도
57,2002,남원,12.6,19.3,6.8,35.2,-11.8,1624.0,14.4,전라북도
58,2002,장수,10.6,16.8,5.2,32.7,-14.3,1698.5,12.5,전라북도
59,2002,장흥,12.8,18.8,7.6,32.7,-8.6,1909.3,14.6,전라남도
60,2002,해남,12.8,18.6,7.6,33.9,-10.1,1534.0,15.4,전라남도
61,2002,고흥,13.8,19.2,8.7,34.5,-6.8,1802.3,14.4,전라남도
62,2002,봉화,9.1,16.0,3.0,33.5,-20.2,1714.1,12.6,경상북도
63,2002,영주,11.0,16.7,5.6,33.7,-14.8,1594.9,13.2,경상북도
64,2002,문경,11.2,16.8,6.1,32.2,-11.1,1411.4,13.8,경상북도
65,2002,영덕,12.3,17.1,7.9,33.5,-10.1,1380.0,14.6,경상북도
66,2002,의성,10.8,18.1,4.4,34.4,-18.0,1430.9,13.1,경상북도
67,2002,구미,13.0,19.0,7.8,34.9,-9.1,1327.1,14.9,경상북도
68,2002,영천,12.5,18.8,6.8,35.4,-11.6,1178.0,13.6,경상북도
69,2002,거창,12.1,18.9,6.3,34.7,-12.0,1768.6,14.2,경상남도
70,2002,합천,13.3,20.0,7.6,35.7,-11.5,1687.1,15.8,경상남도
71,2002,밀양,13.3,19.7,7.6,34.9,-11.3,1531.5,15.1,경상남도
72,2002,산청,12.9,19.2,7.7,34.6,-8.3,2007.1,15.1,경상남도
73,2002,거제,13.9,18.7,9.5,33.0,-6.6,2678.5,14.0,경상남도
74,2002,남해,13.9,19.0,9.5,34.7,-5.8,2291.5,16.0,경상남도
75,2003,속초,11.7,15.7,8.0,33.2,-14.8,1899.0,12.9,강원도
76,2003,철원,10.0,15.5,4.9,30.4,-24.6,1717.0,12.3,강원도
77,2003,동두천,11.1,17.3,6.1,33.0,-19.7,1853.5,13.5,경기도
78,2003,파주,10.9,16.9,5.6,32.4,-21.6,1718.1,12.0,경기도
79,2003,대관령,6.8,11.8,2.3,29.2,-22.6,2685.4,8.5,강원도
80,2003,춘천,11.3,17.3,6.4,33.3,-19.7,1865.8,13.4,강원도
81,2003,백령도,10.2,13.8,7.6,29.2,-12.5,865.4,11.6,인천광역시
82,2003,강릉,12.7,16.6,9.2,33.6,-13.9,2095.4,13.4,강원도
83,2003,동해,11.8,15.8,8.2,32.7,-13.6,1793.4,13.2,강원도
84,2003,서울,12.8,17.0,9.2,32.2,-15.5,2012.0,13.3,서울특별시
85,2003,인천,12.5,17.0,9.1,31.0,-14.1,1702.2,13.8,인천광역시
86,2003,원주,11.7,17.5,6.6,32.9,-20.0,1745.0,12.8,경상북도
87,2003,울릉도,12.0,15.6,9.5,30.5,-11.5,2236.9,13.3,경상북도
88,2003,수원,12.3,17.0,7.9,31.3,-16.2,1514.8,12.8,경기도
89,2003,영월,10.3,16.6,5.1,33.0,-20.4,1449.7,13.3,강원도
90,2003,충주,11.6,17.3,6.6,32.8,-18.5,1641.2,13.0,충청북도
91,2003,서산,12.0,17.5,7.1,32.9,-18.1,1433.4,13.0,충청남도
92,2003,울진,12.5,16.9,8.7,32.7,-12.7,1789.7,13.8,경상북도
93,2003,청주,12.7,17.6,8.2,32.0,-17.5,1581.8,13.4,충청북도
94,2003,대전,13.2,18.0,8.9,32.2,-14.5,1748.9,15.0,대전광역시
95,2003,추풍령,11.5,17.0,6.8,32.9,-14.0,1835.3,13.5,충청북도
96,2003,안동,11.6,17.4,6.6,32.4,-16.7,1579.3,13.3,경상북도
97,2003,상주,12.4,17.9,7.7,34.2,-13.0,1878.9,13.2,경상북도
98,2003,포항,14.0,18.1,10.6,35.3,-10.4,2098.1,15.6,경상북도
99,2003,군산,12.6,17.0,9.3,32.0,-12.8,1509.2,14.0,전라북도
100,2003,대구,13.8,18.5,9.6,34.7,-10.9,1749.9,14.5,대구광역시
101,2003,전주,13.4,18.5,9.0,33.7,-15.1,1860.3,14.6,전라북도
102,2003,울산,14.3,19.1,10.3,35.4,-9.9,1864.2,15.9,울산광역시
103,2003,창원,14.8,19.0,11.5,33.7,-9.0,2036.2,15.1,경상남도
104,2003,광주,13.6,18.4,9.5,31.9,-10.3,1994.1,15.0,광주광역시
105,2003,부산,14.3,18.5,11.2,31.0,-8.7,2328.3,15.6,부산광역시
106,2003,통영,15.0,19.6,11.5,32.4,-8.7,1945.0,15.8,경상남도
107,2003,목포,13.8,17.7,10.6,32.0,-9.3,1686.0,15.5,전라남도
108,2003,여수,14.5,17.8,11.9,30.4,-7.2,2176.4,15.4,전라남도
109,2003,흑산도,13.1,15.7,11.0,30.8,-5.7,1402.4,14.6,전라남도
110,2003,완도,13.9,18.3,10.2,32.3,-8.1,2220.9,14.6,전라남도
111,2003,진도(첨찰산),11.6,15.8,8.7,30.3,-9.4,2187.7,13.6,전라남도
112,2003,제주,15.7,19.1,13.0,34.3,-2.1,1999.2,17.4,제주도
113,2003,고산,15.3,18.2,12.8,31.6,-2.6,1503.0,17.9,제주도
114,2003,성산,16.5,20.0,13.2,33.7,-1.7,2550.5,17.0,제주도
115,2003,서귀포,17.4,20.9,14.4,33.6,-2.4,2280.1,17.5,제주도
116,2003,진주,13.2,19.4,7.9,33.5,-13.1,2151.2,14.5,경상남도
117,2003,강화,11.1,16.1,6.6,31.2,-17.3,1643.0,12.6,인천광역시
118,2003,양평,11.7,17.5,6.9,33.4,-20.2,1825.8,12.6,경기도
119,2003,이천,11.5,17.4,6.4,32.0,-20.2,1715.2,13.4,경기도
120,2003,인제,10.1,16.2,5.1,33.0,-22.0,1706.9,11.8,강원도
121,2003,홍천,10.4,17.0,5.3,33.0,-22.5,1975.2,13.2,강원도
122,2003,태백,8.7,14.0,4.0,29.7,-19.8,1753.0,10.5,강원도
123,2003,제천,10.5,16.6,5.0,32.7,-20.5,1876.6,12.0,충청북도
124,2003,보은,11.2,17.1,6.2,32.7,-18.7,2079.2,12.7,충청북도
125,2003,천안,11.6,17.2,6.6,32.0,-23.8,1628.3,12.8,충청남도
126,2003,보령,12.8,17.3,8.8,31.2,-12.1,1343.7,13.8,충청남도
127,2003,부여,11.8,17.9,6.9,32.5,-17.3,1780.0,14.2,충청남도
128,2003,금산,11.7,18.0,6.4,33.3,-18.2,1766.4,17.4,충청남도
129,2003,부안,12.8,17.9,8.5,34.7,-16.7,1850.0,14.3,전라북도
130,2003,임실,11.5,17.8,6.1,32.8,-21.8,1974.2,13.6,전라북도
131,2003,정읍,12.9,18.2,8.4,33.7,-14.1,1870.0,14.5,전라북도
132,2003,남원,12.5,18.9,7.2,34.4,-19.3,2050.1,14.5,전라북도
133,2003,장수,10.5,16.5,5.2,30.6,-21.3,2208.1,13.2,전라북도
134,2003,장흥,12.9,18.2,8.1,32.0,-11.1,1800.3,14.9,전라남도
135,2003,해남,13.5,18.6,8.8,31.8,-14.1,1739.5,15.5,전라남도
136,2003,고흥,13.2,18.3,8.5,31.3,-10.5,2077.0,14.0,전라남도
137,2003,봉화,9.2,15.9,3.4,31.2,-21.0,1736.0,12.1,경상북도
138,2003,영주,11.3,17.0,6.1,34.2,-16.7,2018.9,13.1,경상북도
139,2003,문경,11.0,16.4,6.3,32.4,-16.0,1962.6,13.1,경상북도
140,2003,영덕,12.0,16.5,8.1,32.7,-11.8,1841.2,14.1,경상북도
141,2003,의성,10.9,17.8,5.2,34.2,-19.1,1696.5,13.2,경상북도
142,2003,구미,12.8,18.5,7.9,34.5,-11.8,1749.8,14.2,경상북도
143,2003,영천,12.3,18.3,7.1,34.5,-14.5,1724.0,13.7,경상북도
144,2003,거창,11.6,18.3,6.2,34.0,-15.6,1950.8,13.2,경상남도
145,2003,합천,13.2,19.7,8.1,34.4,-12.6,1862.7,15.2,경상남도
146,2003,밀양,13.3,19.5,8.2,35.4,-12.1,1685.3,14.5,경상남도
147,2003,산청,12.8,18.8,8.0,33.3,-11.0,1934.8,15.1,경상남도
148,2003,거제,13.7,18.4,9.7,31.7,-9.3,2713.6,14.2,경상남도
149,2003,남해,14.0,18.9,9.9,34.9,-9.8,2729.5,15.6,경상남도
150,2004,속초,13.2,17.6,9.1,37.1,-15.6,1587.3,14.3,강원도
151,2004,철원,10.3,16.4,4.7,33.4,-20.4,1249.6,12.6,강원도
152,2004,동두천,11.2,17.8,5.8,35.6,-19.6,1534.5,13.2,경기도
153,2004,파주,11.0,17.4,5.6,34.6,-19.8,1397.8,12.8,경기도
154,2004,대관령,7.8,13.3,3.0,31.3,-24.3,1815.5,10.0,강원도
155,2004,춘천,11.9,18.2,6.6,36.0,-17.5,1404.0,13.4,강원도
156,2004,백령도,11.7,15.3,8.9,32.3,-17.4,847.9,13.4,인천광역시
157,2004,강릉,14.1,18.4,10.2,36.2,-15.6,1604.3,15.4,강원도
158,2004,동해,13.3,18.0,9.3,36.0,-13.7,1427.2,14.7,강원도
159,2004,서울,13.3,17.7,9.5,36.2,-16.7,1499.1,14.4,서울특별시
160,2004,인천,12.9,17.8,9.2,33.9,-14.8,1307.5,14.9,인천광역시
161,2004,원주,12.6,19.0,7.2,36.2,-17.7,1425.3,13.8,경상북도
162,2004,울릉도,13.1,16.7,10.4,32.2,-11.1,1955.3,13.5,경상북도
163,2004,수원,12.8,18.0,8.3,35.1,-15.9,1217.0,13.4,경기도
164,2004,영월,11.1,18.0,5.3,36.9,-18.7,1339.5,14.0,강원도
165,2004,충주,12.4,18.9,6.9,36.3,-15.8,1425.2,13.8,충청북도
166,2004,서산,12.6,18.5,7.4,37.1,-13.3,1340.9,14.0,충청남도
167,2004,울진,13.5,18.3,9.3,35.3,-12.7,1278.9,14.8,경상북도
168,2004,청주,13.4,19.0,8.4,34.6,-15.5,1505.9,14.3,충청북도
169,2004,대전,13.9,19.3,9.1,34.8,-14.3,1496.5,14.9,대전광역시
170,2004,추풍령,12.3,18.5,6.9,35.2,-15.6,1444.2,13.9,충청북도
171,2004,안동,12.1,18.7,6.5,35.7,-15.9,1305.0,14.4,경상북도
172,2004,상주,13.0,19.2,7.8,36.3,-14.2,1284.8,14.0,경상북도
173,2004,포항,15.1,19.7,11.2,37.6,-11.7,1403.0,17.3,경상북도
174,2004,군산,13.1,18.2,8.9,35.1,-14.7,1431.7,15.6,전라북도
175,2004,대구,14.8,20.3,10.2,36.9,-11.8,1222.4,16.3,대구광역시
176,2004,전주,14.2,20.0,9.1,36.5,-13.1,1457.9,15.3,전라북도
177,2004,울산,15.2,20.5,10.7,36.3,-10.6,1250.1,16.6,울산광역시
178,2004,창원,15.7,20.2,12.0,37.0,-9.4,1827.0,15.9,경상남도
179,2004,광주,14.3,19.8,9.8,35.2,-11.7,1742.3,16.3,광주광역시
180,2004,부산,14.9,19.3,11.5,34.1,-10.5,1386.5,16.0,부산광역시
181,2004,통영,15.3,20.0,11.5,36.3,-9.6,1388.3,17.2,경상남도
182,2004,목포,14.0,18.5,10.4,34.6,-7.8,1483.3,15.6,전라남도
183,2004,여수,15.0,18.7,12.0,34.2,-10.0,1433.5,16.1,전라남도
184,2004,흑산도,13.5,16.5,11.3,32.2,-6.3,1028.1,16.6,전라남도
185,2004,완도,14.7,19.8,10.6,36.3,-7.2,1866.7,15.9,전라남도
186,2004,진도(첨찰산),12.1,17.2,8.9,33.6,-10.1,1595.1,14.3,전라남도
187,2004,제주,16.4,20.0,13.4,34.3,-3.2,1333.8,18.3,제주도
188,2004,고산,16.1,19.3,13.4,33.5,-4.5,1269.9,18.6,제주도
189,2004,성산,15.8,19.8,11.9,35.0,-4.8,1962.5,18.4,제주도
190,2004,서귀포,17.8,21.5,14.7,35.6,-3.3,2018.0,18.5,제주도
191,2004,진주,14.0,20.8,7.9,37.3,-13.3,1575.0,15.5,경상남도
192,2004,강화,11.4,16.6,6.7,34.2,-17.6,1370.2,12.9,인천광역시
193,2004,양평,11.8,18.1,6.5,35.4,-17.7,1347.8,14.0,경기도
194,2004,이천,12.0,18.4,6.4,35.9,-18.0,1177.4,14.6,경기도
195,2004,인제,10.7,17.2,5.4,35.5,-18.3,1350.2,11.8,강원도
196,2004,홍천,10.9,17.9,5.4,36.2,-20.3,1557.0,13.7,강원도
197,2004,태백,9.6,15.1,4.5,32.5,-20.2,1368.2,12.4,강원도
198,2004,제천,10.7,17.5,4.8,35.0,-19.0,1630.8,13.1,충청북도
199,2004,보은,11.6,18.3,5.9,34.5,-15.5,1365.4,14.1,충청북도
200,2004,천안,12.3,18.6,6.7,36.7,-16.6,1363.3,14.3,충청남도
201,2004,보령,12.9,17.9,8.5,34.2,-12.8,1216.2,15.0,충청남도
202,2004,부여,12.7,19.3,7.2,36.2,-17.6,1493.9,14.5,충청남도
203,2004,금산,12.1,19.2,6.2,35.2,-16.7,1503.5,14.3,충청남도
204,2004,부안,13.2,18.6,8.5,35.2,-15.6,1390.7,16.0,전라북도
205,2004,임실,11.8,18.9,5.8,34.7,-16.7,1274.1,14.2,전라북도
206,2004,정읍,13.6,19.4,8.7,35.4,-12.3,1282.0,15.3,전라북도
207,2004,남원,12.4,19.5,6.4,35.2,-15.3,1538.9,15.7,전라북도
208,2004,장수,10.9,17.6,5.1,33.2,-16.5,1398.3,13.6,전라북도
209,2004,장흥,13.3,19.4,7.8,35.4,-12.5,1963.3,16.0,전라남도
210,2004,해남,13.9,19.7,8.4,35.5,-13.3,1593.7,16.2,전라남도
211,2004,고흥,13.9,19.6,8.6,35.7,-9.8,1558.0,15.2,전라남도
212,2004,봉화,9.9,17.3,3.5,33.7,-18.7,1354.8,13.1,경상북도
213,2004,영주,12.0,18.2,6.1,37.2,-16.7,1383.5,13.6,경상북도
214,2004,문경,12.0,18.0,6.6,34.5,-15.6,1505.3,14.9,경상북도
215,2004,영덕,13.6,18.8,8.8,36.2,-13.3,1272.9,16.2,경상북도
216,2004,의성,11.8,19.5,5.4,35.9,-16.2,1475.0,13.2,경상북도
217,2004,구미,13.6,20.0,8.2,37.0,-12.6,1286.9,15.7,경상북도
218,2004,영천,13.2,20.0,7.1,37.2,-13.6,1116.9,14.9,경상북도
219,2004,거창,12.3,19.8,6.0,35.7,-14.0,1547.8,13.8,경상남도
220,2004,합천,14.0,21.2,8.1,37.9,-12.3,1477.4,15.8,경상남도
221,2004,밀양,14.4,21.7,8.2,38.5,-14.8,1377.4,15.8,경상남도
222,2004,산청,13.3,20.1,7.8,37.2,-11.6,1886.4,15.6,경상남도
223,2004,거제,14.6,19.6,10.1,34.7,-10.1,1838.4,15.5,경상남도
224,2004,남해,15.2,20.7,10.6,37.2,-9.5,1730.5,16.6,경상남도
225,2005,속초,12.0,16.1,8.1,36.0,-13.1,1349.2,11.3,강원도
226,2005,철원,9.3,15.4,3.7,33.8,-20.1,1323.2,12.0,강원도
227,2005,동두천,10.3,16.9,5.1,34.8,-18.0,1378.2,12.8,경기도
228,2005,파주,10.3,16.5,4.8,34.4,-20.1,1171.7,12.7,경기도
229,2005,대관령,6.6,11.9,1.9,32.3,-21.0,1881.1,8.9,강원도
230,2005,춘천,11.0,17.2,5.8,35.6,-17.4,1334.2,13.2,강원도
231,2005,백령도,10.8,14.3,8.2,31.5,-11.3,788.9,11.8,인천광역시
232,2005,강릉,12.9,17.2,9.1,36.5,-12.5,1653.4,13.8,강원도
233,2005,동해,12.1,16.5,8.2,35.9,-12.1,1432.8,13.8,강원도
234,2005,서울,12.1,16.4,8.4,35.0,-14.0,1358.4,13.4,서울특별시
235,2005,인천,12.0,17.1,8.3,33.8,-13.5,1155.8,13.6,인천광역시
236,2005,원주,11.5,17.4,6.3,35.9,-17.7,1571.0,13.0,경상북도
237,2005,울릉도,12.2,15.6,9.6,32.3,-9.1,1511.6,13.6,경상북도
238,2005,수원,12.0,16.9,7.7,35.1,-14.4,1427.7,12.9,경기도
239,2005,영월,10.4,17.0,4.8,37.2,-19.5,1252.1,12.7,강원도
240,2005,충주,11.2,17.2,5.9,35.3,-17.3,1380.9,12.6,충청북도
241,2005,서산,11.5,17.0,6.7,35.2,-15.9,1334.2,13.4,충청남도
242,2005,울진,12.4,17.1,8.3,35.6,-10.7,1204.1,14.1,경상북도
243,2005,청주,12.5,17.8,7.8,34.0,-15.0,1427.2,13.4,충청북도
244,2005,대전,12.4,17.5,7.8,34.3,-15.7,1656.1,14.3,대전광역시
245,2005,추풍령,11.4,17.1,6.4,35.8,-14.2,1008.4,13.5,충청북도
246,2005,안동,11.3,17.4,5.9,34.6,-15.8,881.7,14.0,경상북도
247,2005,상주,12.2,18.1,7.3,35.3,-13.6,1102.1,14.0,경상북도
248,2005,포항,14.0,18.6,10.2,37.7,-11.6,1180.2,15.8,경상북도
249,2005,군산,12.5,17.3,8.4,35.7,-14.5,1508.5,14.6,전라북도
250,2005,대구,14.2,19.5,9.8,36.2,-11.1,834.3,15.5,대구광역시
251,2005,전주,13.3,18.7,8.6,35.8,-15.0,1390.0,14.9,전라북도
252,2005,울산,14.3,19.4,10.0,35.5,-10.4,1135.7,15.3,울산광역시
253,2005,창원,14.0,18.5,10.4,34.3,-10.1,1490.1,14.5,경상남도
254,2005,광주,13.6,18.7,9.4,35.8,-11.1,1289.6,15.7,광주광역시
255,2005,부산,13.8,18.1,10.5,32.8,-10.6,1383.9,14.7,부산광역시
256,2005,통영,13.7,18.0,10.2,32.7,-8.4,1268.7,15.8,경상남도
257,2005,목포,13.5,17.7,10.0,33.3,-9.9,1002.7,15.3,전라남도
258,2005,여수,13.7,17.3,10.9,32.4,-9.3,1220.0,14.7,전라남도
259,2005,흑산도,12.8,15.7,10.6,30.6,-5.3,705.6,15.5,전라남도
260,2005,완도,13.9,18.6,10.2,35.2,-9.1,1091.6,15.4,전라남도
261,2005,진도(첨찰산),11.2,16.1,8.1,31.5,-11.3,1099.4,13.5,전라남도
262,2005,제주,16.2,19.3,13.5,34.7,-1.5,872.5,18.7,제주도
263,2005,고산,15.4,18.4,12.9,32.6,-2.0,827.5,17.3,제주도
264,2005,성산,15.3,19.2,11.7,34.7,-3.4,1588.0,16.0,제주도
265,2005,서귀포,16.2,19.7,13.2,31.7,-2.9,1390.6,18.9,제주도
266,2005,진주,13.3,19.8,7.6,36.7,-13.9,1113.7,15.0,경상남도
267,2005,강화,10.7,15.8,6.2,35.7,-15.8,1175.6,12.0,인천광역시
268,2005,양평,11.3,17.2,6.3,35.2,-17.1,1732.6,13.5,경기도
269,2005,이천,11.6,17.7,6.2,35.7,-17.5,1303.3,13.2,경기도
270,2005,인제,10.0,16.2,4.6,36.5,-18.7,1168.3,11.1,강원도
271,2005,홍천,10.3,17.0,4.8,35.9,-19.3,1797.8,12.5,강원도
272,2005,태백,8.6,13.9,3.8,35.0,-18.0,1226.3,10.2,강원도
273,2005,제천,10.1,16.6,4.3,34.5,-18.3,1525.2,12.4,충청북도
274,2005,보은,10.7,17.3,5.1,34.7,-18.7,1536.3,12.8,충청북도
275,2005,천안,11.8,17.7,6.4,36.2,-17.8,1309.3,13.3,충청남도
276,2005,보령,12.2,17.0,8.1,34.9,-14.8,1266.5,14.1,충청남도
277,2005,부여,11.9,18.2,6.6,35.0,-17.6,1527.0,14.5,충청남도
278,2005,금산,11.5,18.1,5.9,34.9,-19.7,1375.0,13.4,충청남도
279,2005,부안,12.2,17.3,7.6,35.5,-17.2,1420.0,14.8,전라북도
280,2005,임실,10.9,17.5,5.2,35.4,-21.8,1418.4,13.7,전라북도
281,2005,정읍,12.8,18.3,8.2,35.5,-14.8,1536.9,14.8,전라북도
282,2005,남원,12.0,18.8,6.1,37.0,-19.3,1126.2,15.9,전라북도
283,2005,장수,10.2,16.3,4.6,33.4,-23.2,1431.6,13.1,전라북도
284,2005,장흥,12.8,18.7,7.7,34.0,-10.8,1422.0,15.3,전라남도
285,2005,해남,13.3,18.8,8.3,34.7,-12.1,1216.3,16.4,전라남도
286,2005,고흥,13.2,18.4,8.5,33.5,-10.6,1337.1,14.9,전라남도
287,2005,봉화,9.4,16.4,3.1,33.5,-20.3,1130.3,12.3,경상북도
288,2005,영주,11.4,17.0,6.0,34.7,-16.3,1303.3,12.9,경상북도
289,2005,문경,11.1,16.9,6.0,34.5,-15.6,1519.2,13.9,경상북도
290,2005,영덕,12.6,17.7,8.0,36.9,-11.8,1204.0,15.0,경상북도
291,2005,의성,11.1,18.4,4.6,35.4,-19.0,848.5,12.8,경상북도
292,2005,구미,12.6,18.7,7.3,35.5,-13.0,1011.2,15.1,경상북도
293,2005,영천,12.5,19.0,6.7,37.0,-14.5,772.8,14.6,경상북도
294,2005,거창,12.2,19.1,6.2,37.0,-14.8,1244.9,14.6,경상남도
295,2005,합천,13.5,20.4,7.7,37.0,-14.8,1119.6,14.9,경상남도
296,2005,밀양,13.2,20.2,7.2,36.2,-14.5,971.5,15.0,경상남도
297,2005,산청,12.6,18.7,7.6,36.7,-11.6,1313.2,14.7,경상남도
298,2005,거제,14.1,18.8,9.9,34.7,-8.1,1446.6,14.8,경상남도
299,2005,남해,13.6,18.6,9.4,34.0,-11.6,1617.0,17.0,경상남도
300,2006,속초,11.9,16.0,8.3,33.0,-11.9,1609.2,12.6,강원도
301,2006,철원,10.4,16.5,5.0,33.9,-19.3,1298.0,12.7,강원도
302,2006,동두천,11.2,17.8,6.1,34.8,-17.5,1360.1,13.5,경기도
303,2006,파주,11.3,17.4,6.1,34.9,-17.6,1284.6,13.8,경기도
304,2006,대관령,6.9,12.1,2.4,30.6,-23.5,2112.9,8.9,강원도
305,2006,춘천,11.5,17.5,6.7,35.5,-16.6,1659.4,13.9,강원도
306,2006,백령도,11.2,14.8,8.4,32.1,-15.3,577.1,12.5,인천광역시
307,2006,강릉,13.1,17.3,9.5,35.2,-9.5,1852.7,14.0,강원도
308,2006,동해,12.4,16.7,8.6,33.3,-10.7,1967.1,13.7,강원도
309,2006,서울,13.0,17.2,9.3,34.7,-14.1,1681.9,14.0,서울특별시
310,2006,인천,12.7,16.6,9.4,32.5,-13.3,1300.1,14.4,인천광역시
311,2006,원주,12.2,18.1,7.2,36.4,-16.0,1560.5,12.9,경상북도
312,2006,울릉도,12.2,15.4,9.6,31.7,-8.3,1914.5,13.7,경상북도
313,2006,수원,12.9,18.0,8.7,35.9,-13.2,1362.7,14.2,경기도
314,2006,영월,11.2,17.7,5.7,36.8,-18.5,1304.2,13.9,강원도
315,2006,충주,11.5,17.5,6.4,35.0,-17.3,1233.9,13.0,충청북도
316,2006,서산,12.2,17.0,7.7,33.0,-13.6,1139.2,14.2,충청남도
317,2006,울진,12.7,17.2,8.7,33.1,-8.9,1692.9,14.1,경상북도
318,2006,청주,13.3,18.5,8.6,34.2,-13.3,1081.1,14.0,충청북도
319,2006,대전,13.1,18.3,8.5,34.2,-13.5,1195.2,14.7,대전광역시
320,2006,추풍령,11.6,17.5,6.6,35.7,-13.8,1273.1,12.6,충청북도
321,2006,안동,12.1,18.0,6.9,35.7,-15.2,1098.1,14.4,경상북도
322,2006,상주,12.6,18.7,7.7,36.6,-12.5,1174.3,14.4,경상북도
323,2006,포항,14.4,18.7,10.8,36.2,-10.7,1332.8,16.0,경상북도
324,2006,군산,13.4,18.4,9.3,35.7,-12.0,1173.8,15.5,전라북도
325,2006,대구,14.6,19.7,10.3,37.2,-10.1,1131.5,15.5,대구광역시
326,2006,전주,14.1,19.7,9.3,36.4,-13.1,1187.5,15.2,전라북도
327,2006,울산,14.6,19.6,10.4,36.0,-9.7,1393.9,15.3,울산광역시
328,2006,창원,14.5,18.9,10.9,35.0,-8.8,1692.5,15.3,경상남도
329,2006,광주,14.2,19.2,10.0,35.0,-11.0,1520.2,15.6,광주광역시
330,2006,부산,14.7,18.9,11.4,34.5,-9.6,1528.3,16.5,부산광역시
331,2006,통영,14.6,19.0,11.2,34.2,-7.4,1536.7,15.9,경상남도
332,2006,목포,14.1,18.4,10.5,34.8,-10.1,1288.3,15.5,전라남도
333,2006,여수,14.3,17.7,11.6,33.0,-8.8,1561.7,14.0,전라남도
334,2006,흑산도,13.2,16.3,10.9,32.3,-5.9,1044.0,15.2,전라남도
335,2006,완도,14.1,18.8,10.2,34.0,-7.5,1707.2,15.5,전라남도
336,2006,진도(첨찰산),11.9,16.9,8.6,33.2,-11.4,1514.2,14.1,전라남도
337,2006,제주,16.2,19.4,13.5,34.0,-1.8,1527.4,18.1,제주도
338,2006,고산,15.5,18.7,13.0,33.0,-1.9,1350.3,17.8,제주도
339,2006,성산,15.7,19.0,12.4,32.4,-3.2,2238.0,17.2,제주도
340,2006,서귀포,17.1,20.7,14.2,33.8,-1.5,1757.6,18.1,제주도
341,2006,진주,13.6,19.7,8.2,37.5,-13.3,1674.0,15.6,경상남도
342,2006,강화,11.4,16.4,7.0,32.7,-15.3,1257.2,13.0,인천광역시
343,2006,양평,12.3,18.3,7.3,35.5,-15.1,1670.8,14.0,경기도
344,2006,이천,12.2,18.0,7.1,35.5,-15.5,1464.8,12.9,경기도
345,2006,인제,10.6,16.7,5.6,35.0,-18.3,1739.5,11.4,강원도
346,2006,홍천,11.1,17.7,6.0,36.0,-19.0,2140.8,12.9,강원도
347,2006,태백,8.9,14.2,4.3,32.5,-19.1,1796.8,10.2,강원도
348,2006,제천,11.1,17.3,5.9,35.5,-19.0,1719.8,13.0,충청북도
349,2006,보은,11.6,17.8,6.3,35.5,-16.6,1196.2,13.6,충청북도
350,2006,천안,11.5,17.3,6.3,33.5,-15.6,1043.3,12.8,충청남도
351,2006,보령,12.8,17.6,8.5,34.2,-12.6,831.4,14.7,충청남도
352,2006,부여,12.8,19.2,7.4,36.0,-13.6,1076.5,15.0,충청남도
353,2006,금산,12.1,18.5,6.9,35.2,-16.6,1349.9,13.6,충청남도
354,2006,부안,13.6,18.8,9.1,35.7,-13.3,1210.7,15.5,전라북도
355,2006,임실,11.4,18.4,5.8,35.5,-17.5,1260.7,13.9,전라북도
356,2006,정읍,13.3,18.8,8.7,35.0,-12.3,1283.8,15.0,전라북도
357,2006,남원,12.8,19.5,7.3,35.9,-15.1,1381.5,14.9,전라북도
358,2006,장수,10.8,17.1,5.3,33.2,-20.2,1354.2,13.5,전라북도
359,2006,장흥,13.2,19.4,8.0,35.5,-10.6,1678.6,14.9,전라남도
360,2006,해남,13.3,19.0,8.3,34.7,-8.8,1385.5,16.4,전라남도
361,2006,고흥,13.8,19.2,8.9,35.0,-9.1,1602.2,15.3,전라남도
362,2006,봉화,10.0,16.9,4.2,34.5,-19.2,1184.8,13.0,경상북도
363,2006,영주,11.9,17.7,6.7,35.3,-13.8,1510.8,13.7,경상북도
364,2006,문경,11.6,17.5,6.6,35.0,-13.8,1352.0,13.8,경상북도
365,2006,영덕,13.2,18.2,8.8,35.0,-10.6,1236.4,15.2,경상북도
366,2006,의성,11.9,19.1,5.8,37.3,-17.2,1392.6,14.0,경상북도
367,2006,구미,13.0,19.1,7.9,37.0,-12.1,1254.3,15.4,경상북도
368,2006,영천,12.7,19.2,7.1,37.2,-13.3,1353.0,14.9,경상북도
369,2006,거창,12.6,19.5,6.9,35.9,-14.5,1411.4,14.7,경상남도
370,2006,합천,13.8,20.5,8.3,38.0,-12.6,1306.6,15.0,경상남도
371,2006,밀양,13.1,20.0,7.4,36.5,-12.8,1324.5,14.5,경상남도
372,2006,산청,13.4,19.7,8.3,36.5,-13.3,1684.6,14.8,경상남도
373,2006,거제,14.3,18.8,10.3,35.2,-9.3,1876.7,15.4,경상남도
374,2006,남해,13.9,18.9,9.8,35.5,-10.1,1889.9,16.1,경상남도
375,2007,속초,13.0,17.2,9.3,35.3,-8.6,1264.7,13.8,강원도
376,2007,철원,10.7,16.8,5.4,33.9,-16.9,1507.9,12.9,강원도
377,2007,동두천,11.5,18.0,6.6,34.3,-13.8,1286.3,13.3,경기도
378,2007,파주,11.3,17.4,6.1,33.0,-15.6,1223.3,14.1,경기도
379,2007,대관령,7.6,12.6,3.1,30.2,-20.0,1401.1,8.7,강원도
380,2007,춘천,11.7,17.6,6.9,34.8,-13.9,1374.9,13.1,강원도
381,2007,백령도,11.6,14.9,9.2,30.2,-7.7,1213.9,14.2,인천광역시
382,2007,강릉,13.9,18.0,10.2,35.9,-6.0,1441.6,14.5,강원도
383,2007,동해,13.3,17.7,9.5,35.0,-6.3,1514.5,14.3,강원도
384,2007,서울,13.3,17.5,9.7,33.2,-8.6,1212.3,13.8,서울특별시
385,2007,인천,12.9,16.5,9.9,31.8,-8.1,1120.0,14.2,인천광역시
386,2007,원주,12.4,18.2,7.7,34.1,-13.0,1568.2,13.3,경상북도
387,2007,울릉도,13.4,16.6,11.0,33.7,-4.8,1558.0,15.1,경상북도
388,2007,수원,12.9,17.8,8.6,33.2,-9.9,1325.0,13.6,경기도
389,2007,영월,11.5,17.7,6.3,34.1,-15.2,1714.9,14.4,강원도
390,2007,충주,12.1,18.0,7.1,33.8,-13.1,1439.2,14.1,충청북도
391,2007,서산,12.4,17.3,8.0,32.4,-9.0,1471.1,14.1,충청남도
392,2007,울진,13.7,18.5,9.6,36.0,-5.8,1215.0,15.3,경상북도
393,2007,청주,13.7,18.8,9.3,33.5,-10.1,1534.5,14.3,충청북도
394,2007,대전,13.3,18.4,8.9,33.7,-9.3,1750.9,14.7,대전광역시
395,2007,추풍령,11.8,17.5,7.0,32.7,-8.8,1311.0,13.0,충청북도
396,2007,안동,12.6,18.7,7.5,33.9,-13.3,1122.0,14.4,경상북도
397,2007,상주,12.7,18.7,7.9,35.0,-9.1,1283.3,14.8,경상북도
398,2007,포항,14.7,19.0,11.1,36.0,-4.9,1241.4,16.4,경상북도
399,2007,군산,13.3,17.9,9.5,32.9,-7.3,1655.5,14.6,전라북도
400,2007,대구,15.0,20.0,10.7,36.4,-5.1,973.9,15.7,대구광역시
401,2007,전주,14.0,19.3,9.5,34.8,-7.2,1471.7,15.6,전라북도
402,2007,울산,15.0,19.9,10.8,35.7,-4.9,1135.8,15.4,울산광역시
403,2007,창원,14.8,19.4,11.2,36.0,-4.6,1497.2,16.0,경상남도
404,2007,광주,14.6,19.6,10.6,34.3,-4.9,1620.6,15.7,광주광역시
405,2007,부산,15.3,19.1,12.4,32.6,-3.6,1276.5,16.9,부산광역시
406,2007,통영,15.4,19.8,11.9,34.0,-3.2,1341.8,17.3,경상남도
407,2007,목포,14.5,18.5,11.2,33.0,-4.9,1350.6,15.9,전라남도
408,2007,여수,14.6,17.8,12.0,33.7,-4.0,1512.4,14.3,전라남도
409,2007,흑산도,13.5,16.5,11.3,31.7,-2.3,1347.8,16.0,전라남도
410,2007,완도,14.4,19.1,10.6,33.3,-3.5,1800.3,16.0,전라남도
411,2007,진도(첨찰산),12.0,16.9,8.9,30.7,-5.7,1692.4,14.3,전라남도
412,2007,제주,16.5,19.5,13.8,34.0,0.8,2139.8,18.0,제주도
413,2007,고산,16.2,19.1,13.8,32.7,0.4,1296.0,18.5,제주도
414,2007,성산,16.3,19.6,13.1,32.7,0.5,2582.5,17.9,제주도
415,2007,서귀포,17.4,21.1,14.3,33.7,-0.3,2166.5,18.1,제주도
416,2007,진주,14.0,20.3,8.5,36.2,-10.7,1701.0,16.1,경상남도
417,2007,강화,11.8,16.6,7.4,33.0,-10.8,1170.0,13.3,인천광역시
418,2007,양평,12.5,18.3,7.6,34.0,-13.1,1402.7,13.8,경기도
419,2007,이천,11.8,17.8,6.8,34.2,-14.1,1414.8,12.8,경기도
420,2007,인제,10.8,16.9,5.9,34.6,-14.6,1215.6,12.2,강원도
421,2007,홍천,11.3,17.9,6.2,36.1,-16.5,1308.0,13.2,강원도
422,2007,태백,9.3,14.5,4.9,31.2,-13.8,1498.8,10.1,강원도
423,2007,제천,10.7,17.2,5.4,33.5,-16.5,2067.3,12.9,충청북도
424,2007,보은,11.7,18.2,6.4,34.0,-10.8,1532.1,13.6,충청북도
425,2007,천안,12.5,18.1,7.6,34.9,-13.6,1562.4,13.7,충청남도
426,2007,보령,13.2,18.0,9.1,33.9,-7.6,1295.8,14.1,충청남도
427,2007,부여,12.9,19.3,7.8,35.0,-10.5,1651.3,15.0,충청남도
428,2007,금산,12.2,19.2,6.7,35.7,-12.8,1586.1,14.3,충청남도
429,2007,부안,13.9,19.2,9.6,35.7,-6.3,2074.1,15.0,전라북도
430,2007,임실,11.8,18.8,6.2,35.2,-12.3,1438.1,14.2,전라북도
431,2007,정읍,13.7,19.2,9.2,35.2,-6.5,1637.2,15.4,전라북도
432,2007,남원,13.0,19.6,7.5,35.0,-9.6,1815.2,14.9,전라북도
433,2007,장수,11.2,17.4,5.9,32.4,-14.1,1563.3,13.8,전라북도
434,2007,장흥,13.5,19.4,8.4,34.0,-9.3,1978.0,14.7,전라남도
435,2007,해남,13.7,19.2,8.6,33.2,-7.4,1460.5,16.6,전라남도
436,2007,고흥,14.2,19.6,9.4,34.2,-6.5,1803.9,16.1,전라남도
437,2007,봉화,10.5,17.4,4.6,33.2,-16.2,1210.3,12.8,경상북도
438,2007,영주,12.3,17.9,7.3,33.8,-11.3,1475.9,14.2,경상북도
439,2007,문경,12.0,17.9,7.1,34.4,-10.8,1448.8,13.7,경상북도
440,2007,영덕,13.6,18.7,9.4,35.7,-5.3,1197.5,14.7,경상북도
441,2007,의성,12.5,20.0,6.3,35.6,-14.8,1324.3,13.4,경상북도
442,2007,구미,13.2,19.2,8.1,34.5,-8.1,1523.8,16.5,경상북도
443,2007,영천,13.1,19.5,7.5,36.5,-10.8,1142.1,15.5,경상북도
444,2007,거창,13.1,20.0,7.4,35.2,-11.0,1729.0,15.2,경상남도
445,2007,합천,14.3,21.1,8.8,36.9,-10.1,1232.6,15.9,경상남도
446,2007,밀양,13.7,20.6,7.9,36.5,-11.1,1061.0,15.0,경상남도
447,2007,산청,13.8,19.9,8.8,35.9,-7.5,1775.9,15.3,경상남도
448,2007,거제,14.6,19.1,10.6,34.4,-4.8,1576.0,16.3,경상남도
449,2007,남해,14.6,19.5,10.5,35.0,-5.5,1780.5,16.2,경상남도
450,2008,속초,13.0,17.1,9.2,34.7,-10.9,1415.0,14.2,강원도
451,2008,철원,10.4,16.7,4.7,35.1,-19.1,1504.9,12.5,강원도
452,2008,동두천,11.7,18.2,6.6,35.2,-15.2,1518.2,13.6,경기도
453,2008,파주,11.0,17.5,5.6,34.9,-17.4,1302.5,13.4,경기도
454,2008,대관령,7.2,12.4,2.0,30.1,-26.2,1128.6,8.9,강원도
455,2008,춘천,11.3,17.3,6.1,35.1,-16.2,1439.4,12.9,강원도
456,2008,백령도,11.4,14.3,9.2,30.8,-9.1,892.7,13.4,인천광역시
457,2008,강릉,14.0,18.1,10.4,36.8,-10.0,1342.7,14.8,강원도
458,2008,동해,13.3,17.7,9.3,37.1,-9.0,978.5,15.1,강원도
459,2008,서울,12.9,17.3,9.1,35.4,-13.1,1356.3,13.6,서울특별시
460,2008,인천,12.8,16.6,9.5,33.6,-11.4,1137.4,13.8,인천광역시
461,2008,원주,12.1,18.1,7.1,36.3,-13.7,1011.1,13.9,경상북도
462,2008,울릉도,13.0,16.2,10.6,31.5,-8.7,1418.0,14.8,경상북도
463,2008,수원,12.8,18.1,8.2,35.7,-12.1,1342.9,14.0,경기도
464,2008,영월,11.3,18.0,5.7,35.2,-16.2,876.6,13.9,강원도
465,2008,충주,12.0,18.4,6.7,35.4,-13.9,882.5,13.5,충청북도
466,2008,서산,12.0,17.3,7.2,33.5,-13.1,909.6,14.2,충청남도
467,2008,울진,13.1,17.9,8.9,35.1,-8.4,916.6,15.4,경상북도
468,2008,청주,13.4,18.8,8.7,35.1,-11.9,892.3,15.3,충청북도
469,2008,대전,13.0,18.3,8.3,33.4,-11.6,1037.6,14.6,대전광역시
470,2008,추풍령,12.0,17.5,7.0,33.8,-12.3,818.5,14.1,충청북도
471,2008,안동,12.5,18.6,7.0,35.0,-13.3,737.9,15.4,경상북도
472,2008,상주,12.7,18.4,7.8,35.3,-11.4,856.7,14.6,경상북도
473,2008,포항,14.1,18.4,10.5,35.6,-8.3,885.4,16.5,경상북도
474,2008,군산,13.3,18.3,9.3,34.5,-11.0,901.0,14.7,전라북도
475,2008,대구,14.6,19.9,10.1,36.2,-8.5,761.4,16.2,대구광역시
476,2008,전주,13.9,19.4,9.0,35.3,-10.8,1000.0,16.1,전라북도
477,2008,울산,14.2,19.3,10.0,35.1,-8.5,1112.3,15.7,울산광역시
478,2008,창원,14.8,19.5,11.0,34.3,-7.3,1020.5,16.5,경상남도
479,2008,광주,14.6,19.8,10.4,35.1,-8.9,1007.2,16.2,광주광역시
480,2008,부산,15.0,18.8,12.0,31.4,-6.1,1168.3,17.3,부산광역시
481,2008,통영,14.9,19.6,11.2,33.0,-7.2,1150.0,17.7,경상남도
482,2008,목포,14.2,18.2,10.9,33.2,-7.9,960.5,15.5,전라남도
483,2008,여수,14.5,17.9,11.9,31.9,-7.3,959.8,14.9,전라남도
484,2008,흑산도,13.1,16.0,10.9,30.9,-4.1,919.7,16.6,전라남도
485,2008,완도,14.1,18.9,10.4,33.9,-7.4,1180.0,16.8,전라남도
486,2008,진도(첨찰산),11.6,16.1,8.7,31.3,-10.9,1302.5,13.5,전라남도
487,2008,제주,16.0,19.0,13.4,34.8,-0.5,1308.8,17.5,제주도
488,2008,고산,15.8,18.8,13.3,32.5,-1.2,972.3,17.8,제주도
489,2008,성산,15.6,19.0,12.5,32.1,-0.8,1770.7,16.6,제주도
490,2008,서귀포,16.9,20.5,13.9,33.5,-1.1,1661.4,18.0,제주도
491,2008,진주,14.0,20.4,8.3,35.5,-10.6,885.6,16.6,경상남도
492,2008,강화,11.7,16.6,7.0,34.1,-13.7,1333.0,13.1,인천광역시
493,2008,양평,11.8,18.0,6.6,35.0,-14.9,1420.4,13.4,경기도
494,2008,이천,11.5,17.9,6.1,35.0,-14.3,1170.7,13.2,경기도
495,2008,인제,10.2,16.6,4.8,35.7,-19.9,1135.7,12.5,강원도
496,2008,홍천,11.0,17.9,5.5,36.6,-17.7,1140.4,13.0,강원도
497,2008,태백,9.0,14.7,4.0,32.3,-20.0,959.5,10.1,강원도
498,2008,제천,10.2,17.1,4.3,34.3,-17.7,885.8,12.5,충청북도
499,2008,보은,11.3,17.9,5.7,34.0,-15.2,961.9,13.6,충청북도
500,2008,천안,12.3,18.1,7.0,34.2,-13.4,870.1,13.9,충청남도
501,2008,보령,13.0,17.8,8.7,35.5,-11.4,813.5,14.7,충청남도
502,2008,부여,12.8,19.3,7.5,35.2,-14.6,902.1,15.0,충청남도
503,2008,금산,11.8,18.7,6.1,35.0,-14.6,902.2,13.4,충청남도
504,2008,부안,13.3,18.8,8.9,36.0,-13.7,881.5,15.4,전라북도
505,2008,임실,11.6,18.6,5.6,34.2,-14.5,915.3,14.1,전라북도
506,2008,정읍,13.8,19.6,9.1,35.9,-11.8,881.2,15.4,전라북도
507,2008,남원,12.7,19.6,6.8,34.9,-12.9,816.3,16.4,전라북도
508,2008,장수,10.9,17.5,5.1,34.1,-15.6,863.4,13.9,전라북도
509,2008,고창군,13.6,19.3,8.8,35.2,-12.4,937.7,14.5,전라북도
510,2008,영광,13.1,18.3,8.5,34.8,-13.1,886.3,14.6,전라남도
511,2008,장흥,13.5,19.3,8.3,34.5,-9.2,981.6,15.3,전라남도
512,2008,해남,13.6,19.1,8.5,33.7,-12.7,1098.1,15.6,전라남도
513,2008,고흥,13.9,19.6,8.8,34.8,-10.1,944.7,15.2,전라남도
514,2008,봉화,10.0,17.4,3.4,34.5,-16.9,1027.9,12.4,경상북도
515,2008,영주,11.7,17.8,6.0,34.9,-14.1,1063.1,14.5,경상북도
516,2008,문경,12.0,18.0,6.8,34.8,-13.0,974.8,14.7,경상북도
517,2008,영덕,13.6,18.9,9.1,37.7,-9.3,729.3,15.1,경상북도
518,2008,의성,11.8,19.5,5.2,35.9,-15.9,786.2,14.4,경상북도
519,2008,구미,13.3,19.2,8.2,35.1,-10.4,760.2,15.4,경상북도
520,2008,영천,12.7,19.1,7.0,35.7,-12.9,774.3,15.3,경상북도
521,2008,거창,12.1,19.4,5.9,35.5,-13.0,615.7,14.0,경상남도
522,2008,합천,13.2,20.4,7.2,35.9,-12.0,767.0,16.6,경상남도
523,2008,밀양,13.6,20.8,7.5,36.6,-10.6,807.5,15.6,경상남도
524,2008,산청,13.2,19.7,7.9,36.5,-11.0,785.5,15.4,경상남도
525,2008,거제,14.4,19.1,10.3,34.2,-6.4,1206.9,16.6,경상남도
526,2008,남해,14.5,19.5,10.2,34.5,-9.3,1081.4,16.4,경상남도
527,2009,속초,12.8,17.0,8.9,32.4,-10.0,1420.1,13.6,강원도
528,2009,철원,10.4,16.6,4.8,33.2,-19.8,1599.1,12.5,강원도
529,2009,동두천,11.7,17.9,6.7,34.1,-15.0,1527.8,14.5,경기도
530,2009,파주,11.0,17.2,5.7,33.3,-17.9,1507.3,13.7,경기도
531,2009,대관령,7.4,12.6,2.4,29.9,-18.6,1331.7,8.8,강원도
532,2009,춘천,11.5,17.5,6.2,34.1,-16.8,1446.9,14.1,강원도
533,2009,백령도,11.6,14.6,9.2,30.2,-10.1,795.6,13.7,인천광역시
534,2009,북강릉,12.5,16.4,8.8,32.9,-11.6,1209.5,13.1,강원도
535,2009,강릉,13.4,17.6,9.6,34.1,-9.6,1183.0,15.5,강원도
536,2009,동해,13.4,17.6,9.5,35.0,-10.5,940.9,15.2,강원도
537,2009,서울,12.9,17.2,9.1,34.4,-12.9,1564.0,13.6,서울특별시
538,2009,인천,12.6,16.3,9.4,31.4,-10.9,1382.1,13.9,인천광역시
539,2009,원주,12.2,18.1,7.1,34.4,-15.3,1359.3,14.3,경상북도
540,2009,울릉도,12.5,15.8,10.1,31.1,-7.0,1616.1,14.1,경상북도
541,2009,수원,12.6,17.9,8.0,34.8,-14.6,1541.2,13.6,경기도
542,2009,영월,11.5,18.1,5.8,34.7,-17.4,1027.0,13.7,강원도
543,2009,충주,11.9,18.0,6.5,34.1,-16.8,936.8,13.1,충청북도
544,2009,서산,12.3,17.5,7.5,32.5,-13.9,1074.3,14.7,충청남도
545,2009,울진,13.0,17.6,8.8,33.6,-9.5,851.7,15.5,경상북도
546,2009,청주,13.0,18.4,8.3,33.5,-13.5,1019.8,14.6,충청북도
547,2009,대전,12.8,18.2,8.0,32.7,-13.3,1090.4,15.4,대전광역시
548,2009,추풍령,12.0,17.5,6.9,33.2,-14.0,1010.7,11.9,충청북도
549,2009,안동,12.5,18.8,7.0,33.5,-15.0,1058.5,15.1,경상북도
550,2009,상주,12.6,18.5,7.5,34.2,-13.8,879.2,14.7,경상북도
551,2009,포항,14.8,19.1,11.2,35.3,-8.8,885.5,16.8,경상북도
552,2009,군산,13.0,17.9,8.8,32.5,-11.4,1022.7,14.4,전라북도
553,2009,대구,14.8,20.2,10.2,35.3,-10.5,832.5,16.9,대구광역시
554,2009,전주,13.6,19.5,8.7,34.4,-12.9,1163.9,16.9,전라북도
555,2009,울산,14.3,19.5,10.0,34.2,-9.2,1133.2,15.7,울산광역시
556,2009,창원,15.0,19.7,11.2,33.7,-9.3,1865.9,16.4,경상남도
557,2009,광주,14.6,20.1,10.2,34.5,-10.0,1488.2,16.5,광주광역시
558,2009,부산,15.2,19.2,12.1,32.5,-7.6,1772.9,15.5,부산광역시
559,2009,통영,14.9,19.4,11.4,32.2,-7.7,1548.6,17.2,경상남도
560,2009,목포,13.8,17.9,10.4,31.9,-8.4,1088.4,15.5,전라남도
561,2009,여수,14.6,17.9,11.8,31.2,-7.4,1247.7,14.7,전라남도
562,2009,흑산도,13.7,16.7,11.4,30.7,-4.9,1010.7,16.9,전라남도
563,2009,완도,14.3,19.2,10.3,32.4,-8.3,1588.4,16.9,전라남도
564,2009,진도(첨찰산),11.7,16.4,8.6,30.4,-8.8,1481.0,14.1,전라남도
565,2009,제주,16.0,19.1,13.1,33.6,-2.5,1304.8,17.8,제주도
566,2009,고산,15.7,18.6,13.1,33.2,-3.6,1133.0,18.1,제주도
567,2009,성산,15.4,18.9,12.1,31.3,-3.8,1753.5,16.3,제주도
568,2009,서귀포,17.2,20.7,14.2,33.8,-3.9,2006.8,18.4,제주도
569,2009,진주,13.8,20.2,8.1,33.1,-14.1,1608.9,16.0,경상남도
570,2009,강화,11.4,16.4,6.7,33.0,-14.6,1448.2,13.9,인천광역시
571,2009,양평,11.9,18.0,6.5,34.2,-18.7,1576.5,13.7,경기도
572,2009,이천,11.6,17.9,6.0,33.8,-16.6,1401.5,13.1,경기도
573,2009,인제,10.6,16.8,5.4,34.8,-17.9,1403.7,13.2,강원도
574,2009,홍천,11.2,18.0,5.7,35.8,-18.2,1540.1,13.0,강원도
575,2009,태백,9.2,14.9,4.3,34.0,-16.6,1140.0,10.6,강원도
576,2009,제천,10.2,16.9,4.3,33.3,-19.7,1277.4,12.8,충청북도
577,2009,보은,11.4,17.9,5.6,32.7,-17.5,1112.2,13.6,충청북도
578,2009,천안,12.3,18.2,6.9,33.3,-18.2,999.9,14.0,충청남도
579,2009,보령,12.9,17.5,8.6,32.5,-11.0,1081.4,14.9,충청남도
580,2009,부여,12.8,19.1,7.3,33.9,-14.4,1089.6,15.5,충청남도
581,2009,금산,11.8,18.5,5.9,33.2,-16.5,1128.6,13.9,충청남도
582,2009,부안,13.3,18.6,8.7,33.7,-12.7,1136.1,15.9,전라북도
583,2009,임실,11.9,18.9,5.8,33.7,-18.8,1134.4,14.6,전라북도
584,2009,정읍,13.7,19.3,9.0,34.2,-11.8,1400.7,15.8,전라북도
585,2009,남원,12.5,19.4,6.4,33.6,-18.4,1313.5,15.0,전라북도
586,2009,장수,11.0,17.8,5.1,31.9,-18.8,1308.9,13.9,전라북도
587,2009,고창군,13.5,19.0,8.7,34.0,-11.8,1303.2,14.5,전라북도
588,2009,영광,13.0,18.3,8.3,33.3,-10.5,1203.3,15.0,전라남도
589,2009,김해,15.8,20.8,11.7,35.0,-9.9,1406.3,17.8,경상남도
590,2009,순창,12.5,18.9,7.0,34.1,-16.0,1543.8,14.0,전라북도
591,2009,북창원,14.4,19.5,10.2,32.8,-10.3,1283.4,16.5,경상남도
592,2009,양산,-,20.0,10.3,33.4,-9.2,1298.0,16.0,경상남도
593,2009,장흥,13.8,19.6,8.4,33.3,-12.1,1461.5,15.8,전라남도
594,2009,해남,13.8,19.5,8.6,32.5,-13.9,1277.7,15.4,전라남도
595,2009,고흥,14.0,19.8,8.8,32.8,-10.4,1286.2,15.3,전라남도
596,2009,봉화,10.1,17.6,3.5,33.5,-20.5,1066.5,12.3,경상북도
597,2009,영주,11.7,17.8,6.0,34.6,-15.7,1133.7,14.4,경상북도
598,2009,문경,12.1,18.2,6.8,33.3,-15.0,1187.2,15.0,경상북도
599,2009,영덕,13.7,19.1,9.1,36.9,-12.2,808.0,15.2,경상북도
600,2009,의성,12.1,19.8,5.4,34.7,-18.7,768.6,14.4,경상북도
601,2009,구미,13.5,19.5,8.3,34.7,-12.8,741.3,15.1,경상북도
602,2009,영천,12.7,19.2,6.8,33.8,-14.4,866.6,15.7,경상북도
603,2009,거창,12.0,19.3,5.9,34.4,-15.6,975.3,13.1,경상남도
604,2009,합천,13.6,20.7,7.6,35.8,-14.7,1066.0,16.9,경상남도
605,2009,밀양,14.5,21.2,8.6,38.3,-12.4,1130.8,16.3,경상남도
606,2009,산청,13.4,19.8,8.0,34.0,-12.6,1169.0,15.2,경상남도
607,2009,거제,14.4,19.2,10.3,32.8,-8.4,1948.7,16.8,경상남도
608,2009,남해,14.5,19.7,10.3,33.4,-9.3,1676.0,16.2,경상남도
609,2010,속초,12.3,16.5,8.6,35.1,-11.6,1283.6,13.3,강원도
610,2010,철원,10.1,15.8,4.7,32.9,-26.8,1867.5,12.4,강원도
611,2010,동두천,10.9,16.7,6.2,33.0,-19.5,1939.5,13.2,경기도
612,2010,파주,10.6,16.6,5.6,34.1,-25.9,1827.2,13.3,경기도
613,2010,대관령,7.2,12.2,2.4,30.1,-24.0,1217.3,9.2,강원도
614,2010,춘천,11.0,16.5,6.2,33.9,-21.3,1581.4,13.2,강원도
615,2010,백령도,10.9,13.8,8.4,29.9,-11.1,1050.5,12.9,인천광역시
616,2010,북강릉,12.2,16.4,8.2,36.3,-12.7,1086.6,14.2,강원도
617,2010,강릉,13.0,17.3,9.1,37.1,-11.5,1102.8,14.6,강원도
618,2010,동해,12.5,16.9,8.6,37.0,-11.1,1049.1,14.6,강원도
619,2010,서울,12.1,16.3,8.5,33.8,-15.3,2043.5,13.5,서울특별시
620,2010,인천,12.3,15.9,9.1,33.2,-12.8,1777.7,13.8,인천광역시
621,2010,원주,12.0,17.4,7.3,36.0,-19.4,1462.2,13.6,경상북도
622,2010,울릉도,12.6,15.5,10.2,32.7,-7.2,1448.3,14.4,경상북도
623,2010,수원,12.2,17.1,7.9,34.2,-18.6,1470.6,12.9,경기도
624,2010,영월,11.2,17.4,5.9,35.7,-22.7,1341.2,13.6,강원도
625,2010,충주,11.5,17.2,6.5,35.1,-21.4,1212.3,13.3,충청북도
626,2010,서산,11.7,16.3,7.3,31.8,-13.2,2141.8,13.9,충청남도
627,2010,울진,12.3,16.9,8.1,35.7,-10.3,784.9,14.3,경상북도
628,2010,청주,13.0,18.1,8.6,35.7,-15.1,1422.4,14.4,충청북도
629,2010,대전,12.7,17.7,8.2,33.9,-14.4,1419.7,15.0,대전광역시
630,2010,추풍령,11.6,16.8,6.7,33.8,-12.9,1260.4,12.6,충청북도
631,2010,안동,12.2,18.2,7.1,35.6,-17.7,1073.8,14.4,경상북도
632,2010,상주,12.1,17.7,7.4,35.0,-12.6,1111.7,13.9,경상북도
633,2010,포항,14.6,18.8,10.9,35.7,-8.7,927.4,16.5,경상북도
634,2010,군산,12.9,17.6,9.0,34.7,-12.7,1347.5,14.6,전라북도
635,2010,대구,14.4,19.6,9.9,36.5,-10.0,1204.5,15.8,대구광역시
636,2010,전주,13.5,18.9,8.9,35.7,-10.9,1462.3,16.0,전라북도
637,2010,울산,14.0,19.2,9.7,35.4,-8.5,1161.6,15.4,울산광역시
638,2010,창원,14.5,19.1,10.9,34.5,-8.3,1766.9,15.2,경상남도
639,2010,광주,14.2,19.2,10.1,35.5,-9.5,1573.1,16.1,광주광역시
640,2010,부산,14.9,19.0,11.7,34.1,-8.1,1441.9,15.3,부산광역시
641,2010,통영,14.0,18.5,10.5,33.5,-7.5,1397.8,16.5,경상남도
642,2010,목포,13.5,17.6,10.1,32.6,-8.4,1335.7,15.5,전라남도
643,2010,여수,14.3,17.5,11.5,32.5,-7.4,1733.1,15.3,전라남도
644,2010,흑산도,13.3,16.3,10.9,31.6,-4.6,1478.1,15.9,전라남도
645,2010,완도,14.0,18.6,10.3,34.5,-6.9,1895.3,16.4,전라남도
646,2010,진도(첨찰산),11.6,16.1,8.6,32.0,-10.2,1608.6,13.9,전라남도
647,2010,제주,15.6,18.9,12.7,35.8,-2.3,1584.9,17.5,제주도
648,2010,고산,15.7,18.7,13.1,33.5,-2.4,1361.8,18.1,제주도
649,2010,성산,15.1,18.4,11.8,32.3,-4.0,2086.8,16.7,제주도
650,2010,서귀포,16.9,20.3,14.0,33.0,-2.7,2393.3,18.4,제주도
651,2010,진주,13.1,19.2,7.9,35.2,-12.5,1896.0,15.3,경상남도
652,2010,강화,10.9,15.7,6.4,33.7,-19.1,1759.2,12.6,인천광역시
653,2010,양평,11.4,17.1,6.6,34.2,-21.7,1902.5,13.3,경기도
654,2010,이천,11.1,16.9,6.1,34.1,-22.8,1429.6,13.3,경기도
655,2010,인제,10.2,16.0,5.3,33.1,-22.8,1354.1,12.9,강원도
656,2010,홍천,10.9,17.2,5.8,35.2,-23.9,1305.5,12.7,강원도
657,2010,태백,9.0,14.6,4.2,33.7,-18.2,1120.3,10.6,강원도
658,2010,제천,9.9,16.2,4.5,33.8,-25.9,1545.2,12.4,충청북도
659,2010,보은,11.0,17.2,5.7,33.9,-19.7,1262.9,13.1,충청북도
660,2010,천안,12.2,17.6,7.3,34.9,-19.5,1378.3,13.8,충청남도
661,2010,보령,13.0,17.4,8.8,34.4,-11.5,1502.3,15.0,충청남도
662,2010,부여,12.7,18.5,7.7,34.9,-13.7,1378.3,15.0,충청남도
663,2010,금산,11.6,18.1,6.1,34.7,-17.0,1403.7,13.9,충청남도
664,2010,부안,12.8,17.9,8.4,34.6,-12.0,1253.6,15.6,전라북도
665,2010,임실,11.5,18.0,6.1,34.5,-15.5,1795.1,14.2,전라북도
666,2010,정읍,13.7,18.9,9.1,35.6,-11.8,1748.3,15.1,전라북도
667,2010,남원,11.6,18.0,6.2,34.7,-18.3,1423.3,14.1,전라북도
668,2010,장수,11.0,17.1,5.6,33.6,-17.0,1888.8,13.3,전라북도
669,2010,고창군,13.6,18.8,9.0,35.3,-12.3,1784.8,14.8,전라북도
670,2010,영광,13.0,18.1,8.5,34.7,-11.7,1521.5,14.8,전라남도
671,2010,김해,15.5,20.4,11.3,36.4,-7.9,1353.4,17.0,경상남도
672,2010,순창,12.4,18.2,7.4,34.8,-15.2,1768.0,14.4,전라북도
673,2010,북창원,14.1,19.0,9.9,35.2,-9.2,1287.0,16.0,경상남도
674,2010,양산,14.7,19.7,10.3,36.0,-8.3,1462.5,16.2,경상남도
675,2010,강진,13.3,18.2,8.9,33.8,-9.8,1556.9,14.4,전라남도
676,2010,장흥,13.6,19.1,8.7,34.7,-11.8,1748.8,15.7,전라남도
677,2010,해남,13.7,18.9,8.8,34.5,-9.1,1495.5,16.7,전라남도
678,2010,고흥,13.7,19.3,8.8,34.7,-9.8,1533.2,16.2,전라남도
679,2010,봉화,9.5,16.6,3.4,34.4,-24.7,1066.7,12.4,경상북도
680,2010,영주,11.3,17.1,6.1,34.9,-19.2,1236.3,13.9,경상북도
681,2010,문경,11.2,17.0,6.3,33.9,-15.2,1238.0,14.7,경상북도
682,2010,영덕,13.3,18.5,8.7,36.2,-11.0,868.0,14.7,경상북도
683,2010,의성,11.7,18.9,5.4,36.0,-20.0,1062.1,14.4,경상북도
684,2010,구미,13.1,18.7,8.1,35.1,-12.4,1153.5,15.0,경상북도
685,2010,영천,12.4,18.7,6.9,35.6,-13.3,1030.0,14.6,경상북도
686,2010,거창,11.8,18.7,6.1,35.0,-15.0,1548.5,13.8,경상남도
687,2010,합천,13.2,20.0,7.8,36.5,-13.2,1547.1,16.0,경상남도
688,2010,밀양,13.6,20.0,8.1,36.4,-12.2,1251.5,15.7,경상남도
689,2010,산청,13.0,19.0,8.1,35.0,-11.5,2189.5,14.6,경상남도
690,2010,거제,14.4,19.1,10.3,35.4,-7.8,1959.7,15.7,경상남도
691,2010,남해,14.2,19.2,10.1,34.9,-8.2,2160.2,16.3,경상남도
692,2011,속초,12.1,16.0,8.4,35.7,-13.2,1656.1,13.2,강원도
693,2011,철원,9.8,16.0,4.2,34.3,-24.3,1656.3,12.2,강원도
694,2011,동두천,10.7,16.8,5.9,35.2,-19.1,2311.2,13.3,경기도
695,2011,파주,10.4,16.7,5.1,34.1,-23.0,2063.3,13.1,경기도
696,2011,대관령,6.8,11.8,1.7,28.3,-23.8,1762.1,8.5,강원도
697,2011,춘천,10.7,16.5,5.7,34.2,-22.5,2029.3,12.9,강원도
698,2011,백령도,10.2,13.2,7.9,28.9,-13.3,988.1,12.7,인천광역시
699,2011,북강릉,11.8,16.1,7.7,34.8,-16.2,1692.6,12.9,강원도
700,2011,강릉,12.6,16.8,9.0,35.2,-13.5,1810.5,13.6,강원도
701,2011,동해,12.1,16.0,8.6,34.1,-12.9,1765.7,13.9,강원도
702,2011,서울,12.0,16.4,8.4,34.1,-17.8,2039.3,14.0,서울특별시
703,2011,인천,12.0,15.6,9.0,32.9,-14.9,1725.5,13.9,인천광역시
704,2011,원주,11.7,17.3,6.8,35.4,-18.6,2188.0,13.3,경상북도
705,2011,울릉도,12.1,14.9,9.7,31.1,-8.6,1795.8,13.0,경상북도
706,2011,수원,11.8,16.8,7.4,35.8,-16.9,1975.9,12.2,경기도
707,2011,영월,11.0,17.4,5.6,35.4,-20.4,2085.7,13.1,강원도
708,2011,충주,11.4,17.3,6.2,34.6,-19.3,2073.3,13.0,충청북도
709,2011,서산,11.6,16.4,7.2,33.0,-14.7,1704.4,14.6,충청남도
710,2011,울진,12.0,16.6,7.9,35.3,-14.0,1376.6,13.7,경상북도
711,2011,청주,12.8,17.9,8.4,35.0,-15.5,1805.6,13.4,충청북도
712,2011,대전,12.6,17.6,8.2,33.3,-16.1,1943.4,14.6,대전광역시
713,2011,추풍령,11.5,16.6,6.8,31.9,-15.9,1401.8,12.9,충청북도
714,2011,안동,12.2,18.1,6.9,33.9,-16.9,1251.5,14.0,경상북도
715,2011,상주,12.0,17.5,7.4,33.7,-15.8,1250.5,13.9,경상북도
716,2011,포항,14.3,18.5,10.8,35.1,-12.7,1089.9,16.2,경상북도
717,2011,군산,12.2,16.7,8.3,34.0,-13.6,1634.2,13.5,전라북도
718,2011,대구,14.3,19.3,9.9,35.5,-13.1,1430.4,16.1,대구광역시
719,2011,전주,13.1,18.7,8.4,36.2,-13.4,1621.8,16.3,전라북도
720,2011,울산,13.7,18.8,9.4,34.6,-13.5,1233.2,14.7,울산광역시
721,2011,창원,14.3,18.7,10.7,33.7,-13.1,1514.0,15.3,경상남도
722,2011,광주,13.7,19.0,9.5,35.3,-11.7,1300.3,15.9,광주광역시
723,2011,부산,14.6,18.8,11.3,33.0,-12.8,1478.6,16.1,부산광역시
724,2011,통영,13.8,18.0,10.4,32.8,-10.7,1524.9,15.9,경상남도
725,2011,목포,13.0,17.1,9.7,33.3,-8.3,982.1,15.5,전라남도
726,2011,여수,14.0,17.3,11.3,32.4,-10.4,1650.4,14.9,전라남도
727,2011,흑산도,12.9,15.7,10.8,31.0,-5.7,830.7,15.7,전라남도
728,2011,완도,13.9,18.3,10.2,34.5,-7.1,1363.2,15.9,전라남도
729,2011,고창,13.0,18.4,8.4,36.7,-13.9,1411.3,15.1,전라북도
730,2011,진도(첨찰산),11.3,15.9,8.3,32.7,-10.8,1263.9,14.1,전라남도
731,2011,제주,15.6,18.5,13.0,34.7,-2.8,1478.6,17.5,제주도
732,2011,고산,15.4,18.1,13.1,33.9,-3.6,961.3,18.0,제주도
733,2011,성산,15.4,18.7,12.4,33.1,-3.8,1865.7,16.7,제주도
734,2011,서귀포,16.7,20.0,13.9,35.5,-3.7,2010.2,18.8,제주도
735,2011,진주,13.0,19.0,7.6,34.7,-15.6,2026.4,15.2,경상남도
736,2011,강화,10.7,15.5,6.2,33.7,-20.1,2063.5,13.2,인천광역시
737,2011,양평,11.3,17.2,6.3,35.5,-20.9,2198.5,13.4,경기도
738,2011,이천,11.0,17.1,5.7,34.7,-20.6,2045.0,13.3,경기도
739,2011,인제,9.4,15.4,4.3,33.3,-22.7,1778.5,12.0,강원도
740,2011,홍천,10.7,17.4,5.3,36.0,-22.5,1639.6,12.7,강원도
741,2011,태백,8.6,14.1,3.8,30.3,-20.0,1973.0,10.6,강원도
742,2011,정선,9.8,15.8,4.9,33.9,-19.7,1761.4,12.2,강원도
743,2011,제천,9.7,16.1,4.1,33.5,-23.2,2230.5,12.1,충청북도
744,2011,보은,10.8,17.0,5.1,32.5,-20.2,1810.7,13.0,충청북도
745,2011,천안,12.0,17.5,7.0,34.3,-18.3,1845.8,13.6,충청남도
746,2011,보령,12.1,16.5,8.1,34.4,-13.2,1743.0,14.1,충청남도
747,2011,부여,12.2,18.1,7.1,35.2,-15.9,2014.7,14.3,충청남도
748,2011,금산,11.3,17.9,5.7,34.0,-18.3,1798.5,13.5,충청남도
749,2011,부안,12.5,17.5,8.1,35.4,-17.0,1237.7,15.2,전라북도
750,2011,임실,10.7,17.3,5.0,34.1,-18.7,1700.0,14.2,전라북도
751,2011,정읍,13.0,18.4,8.4,35.9,-14.4,1654.0,15.2,전라북도
752,2011,남원,12.0,18.5,6.3,35.1,-17.0,1342.5,14.9,전라북도
753,2011,장수,10.4,16.5,4.8,32.8,-21.2,1811.5,13.8,전라북도
754,2011,고창군,13.2,18.5,8.5,35.6,-13.5,1565.8,14.9,전라북도
755,2011,영광,12.5,17.6,8.1,35.6,-14.5,1297.1,15.1,전라남도
756,2011,김해,15.3,20.1,11.3,35.6,-13.6,1537.5,15.1,경상남도
757,2011,순창,12.6,18.6,7.4,35.6,-15.4,1442.0,14.8,전라북도
758,2011,북창원,13.9,18.9,9.8,33.7,-13.3,1495.8,14.7,경상남도
759,2011,양산,14.6,19.5,10.5,35.3,-11.7,1606.4,15.6,경상남도
760,2011,보성,13.7,18.7,9.2,35.7,-9.5,1680.2,15.0,전라남도
761,2011,강진,13.1,18.1,8.7,35.0,-11.1,1439.1,14.8,전라남도
762,2011,장흥,13.5,19.0,8.4,36.1,-13.1,1583.8,15.6,전라남도
763,2011,해남,13.0,18.4,8.2,34.3,-11.3,1498.9,16.3,전라남도
764,2011,고흥,13.7,19.4,8.8,35.7,-9.6,1716.1,16.2,전라남도
765,2011,의령,13.0,19.6,7.4,33.6,-17.1,1766.3,16.1,경상남도
766,2011,함양,12.3,18.6,6.7,34.1,-13.1,1502.3,14.2,경상남도
767,2011,광양,-,-,-,35.0,-5.0,1936.0,-,전라남도
768,2011,봉화,9.6,16.5,3.4,33.1,-21.7,1589.9,12.2,경상북도
769,2011,영주,11.4,17.0,6.1,33.4,-18.5,1729.3,13.9,경상북도
770,2011,문경,11.6,17.3,6.7,33.2,-16.2,1666.1,14.5,경상북도
771,2011,청송,10.7,17.3,4.9,34.7,-18.5,1008.2,12.6,경상북도
772,2011,영덕,13.1,18.0,8.7,34.8,-15.1,1008.5,15.0,경상북도
773,2011,의성,11.5,18.8,5.0,35.0,-21.1,1130.5,14.1,경상북도
774,2011,구미,12.8,18.4,7.8,34.2,-13.9,1204.3,14.8,경상북도
775,2011,영천,12.5,18.5,7.0,34.2,-15.1,1127.1,14.3,경상북도
776,2011,경주,12.5,18.4,7.3,34.7,-14.7,1108.8,13.7,경상북도
777,2011,거창,11.6,18.0,6.0,33.3,-16.5,1321.3,14.1,경상남도
778,2011,합천,13.2,19.9,7.5,35.4,-16.4,1624.5,15.6,경상남도
779,2011,밀양,13.5,19.8,7.9,35.9,-15.8,1529.8,16.8,경상남도
780,2011,산청,13.1,18.7,8.2,34.8,-11.7,2013.1,15.0,경상남도
781,2011,거제,14.1,18.6,10.3,34.0,-10.4,1734.6,15.9,경상남도
782,2011,남해,14.1,18.9,9.9,34.6,-10.4,2183.4,16.1,경상남도
783,2012,속초,12.0,15.8,8.5,34.7,-14.3,1217.7,12.9,강원도
784,2012,철원,9.6,15.6,4.0,34.3,-24.6,1317.7,12.0,강원도
785,2012,동두천,11.0,17.4,6.0,36.4,-19.7,1383.9,13.9,경기도
786,2012,파주,10.9,17.2,5.4,36.5,-24.6,1436.1,13.4,경기도
787,2012,대관령,6.5,11.6,1.5,30.7,-23.5,1288.7,8.9,강원도
788,2012,춘천,10.7,16.5,5.5,36.8,-23.1,1324.3,12.9,강원도
789,2012,백령도,10.5,13.5,8.0,31.3,-12.8,892.3,13.1,인천광역시
790,2012,북강릉,11.8,16.2,7.7,35.6,-15.2,1280.3,12.8,강원도
791,2012,강릉,12.6,16.8,9.0,35.6,-14.2,1321.4,13.6,강원도
792,2012,동해,12.2,16.3,8.6,34.0,-13.7,1123.3,14.5,강원도
793,2012,서울,12.2,16.7,8.5,36.7,-17.1,1646.3,14.0,서울특별시
794,2012,인천,12.1,16.0,8.8,35.3,-14.6,1415.1,14.7,인천광역시
795,2012,원주,11.4,17.1,6.5,37.1,-20.5,1378.5,13.0,경상북도
796,2012,울릉도,11.9,14.9,9.5,31.4,-8.1,1777.1,13.8,경상북도
797,2012,수원,12.1,17.2,7.7,37.4,-16.2,1748.3,12.7,경기도
798,2012,영월,10.8,17.2,5.3,38.7,-23.1,1398.8,13.6,강원도
799,2012,충주,11.5,17.3,6.4,36.9,-20.7,1290.3,13.1,충청북도
800,2012,서산,11.5,16.6,6.9,36.0,-15.1,1642.6,15.0,충청남도
801,2012,울진,11.9,16.4,7.8,34.9,-13.7,1101.3,14.3,경상북도
802,2012,청주,12.7,17.7,8.3,36.4,-15.2,1387.6,14.3,충청북도
803,2012,대전,12.6,17.6,8.1,36.9,-14.4,1409.5,14.7,대전광역시
804,2012,추풍령,11.2,16.2,6.4,34.7,-15.2,1465.8,12.8,충청북도
805,2012,안동,12.2,18.0,7.0,38.0,-18.6,1047.0,14.3,경상북도
806,2012,상주,11.7,17.1,7.1,35.5,-15.7,1323.0,14.4,경상북도
807,2012,포항,14.1,18.2,10.6,36.8,-11.5,1333.7,16.2,경상북도
808,2012,군산,12.3,16.8,8.3,36.1,-11.5,1659.5,14.6,전라북도
809,2012,대구,14.1,19.2,9.8,37.2,-12.4,1189.9,16.5,대구광역시
810,2012,전주,13.2,18.7,8.5,38.3,-12.7,1359.7,16.6,전라북도
811,2012,울산,13.7,18.7,9.6,35.4,-11.6,1458.1,14.9,울산광역시
812,2012,창원,14.2,18.6,10.6,35.5,-10.3,1559.4,15.8,경상남도
813,2012,광주,13.7,18.9,9.5,37.7,-10.2,1626.8,15.9,광주광역시
814,2012,부산,14.5,18.6,11.3,34.5,-9.9,1983.3,16.6,부산광역시
815,2012,통영,13.7,17.7,10.4,34.5,-8.8,1611.2,15.5,경상남도
816,2012,목포,13.1,17.1,9.8,35.7,-8.8,1577.5,15.9,전라남도
817,2012,여수,14.0,17.4,11.2,34.3,-9.2,1825.1,14.8,전라남도
818,2012,흑산도,13.5,16.3,11.4,33.8,-5.4,1645.2,15.8,전라남도
819,2012,완도,13.9,18.4,10.2,35.5,-7.9,1710.3,15.9,전라남도
820,2012,고창,13.0,18.1,8.5,37.0,-13.3,1404.1,14.7,전라북도
821,2012,순천,12.3,18.0,7.3,35.3,-12.3,1967.0,13.9,전라남도
822,2012,진도(첨찰산),11.2,15.9,8.1,33.6,-10.9,2198.3,13.7,전라남도
823,2012,제주,15.7,18.6,13.1,34.9,-2.8,2248.3,16.3,제주도
824,2012,고산,15.6,18.4,13.1,34.2,-2.3,1418.1,18.0,제주도
825,2012,성산,15.4,18.9,12.1,33.0,-3.6,2458.4,17.1,제주도
826,2012,서귀포,16.7,20.0,13.8,33.9,-1.5,2700.8,18.4,제주도
827,2012,진주,12.7,18.6,7.4,35.4,-14.3,1752.9,15.3,경상남도
828,2012,강화,10.7,15.6,6.0,35.1,-18.1,1357.5,13.5,인천광역시
829,2012,양평,11.4,17.2,6.4,37.0,-21.4,1532.0,14.0,경기도
830,2012,이천,11.1,17.4,5.7,37.7,-22.8,1559.2,13.8,경기도
831,2012,인제,10.0,16.1,4.9,36.9,-22.3,1023.6,13.0,강원도
832,2012,홍천,10.6,17.3,5.1,37.9,-22.2,1277.8,13.0,강원도
833,2012,태백,8.4,13.9,3.6,33.2,-20.3,1523.4,11.3,강원도
834,2012,정선,9.9,15.9,5.0,37.2,-21.3,965.1,13.2,강원도
835,2012,제천,9.6,16.1,4.0,36.9,-25.9,1381.3,12.4,충청북도
836,2012,보은,10.7,16.8,5.3,35.4,-21.9,1522.3,13.3,충청북도
837,2012,천안,11.9,17.5,6.8,36.4,-17.8,1336.7,14.5,충청남도
838,2012,보령,12.2,16.7,8.1,36.3,-11.7,1319.0,14.6,충청남도
839,2012,부여,11.8,17.6,6.8,37.3,-15.0,1545.8,14.6,충청남도
840,2012,금산,11.1,17.6,5.6,36.3,-18.5,1434.5,13.6,충청남도
841,2012,부안,12.5,17.5,8.1,36.1,-12.6,1503.7,15.4,전라북도
842,2012,임실,10.6,16.9,5.0,35.7,-17.8,1503.9,14.2,전라북도
843,2012,정읍,13.1,18.4,8.4,37.8,-13.2,1473.4,14.9,전라북도
844,2012,남원,11.9,18.3,6.3,35.9,-15.2,1518.1,14.9,전라북도
845,2012,장수,10.2,16.3,4.7,34.1,-19.2,1910.8,13.5,전라북도
846,2012,고창군,13.2,18.4,8.5,36.4,-12.9,1535.0,15.2,전라북도
847,2012,영광,12.6,17.5,8.2,35.9,-13.1,1679.9,15.6,전라남도
848,2012,김해,14.6,19.5,10.6,37.9,-9.2,1432.2,11.5,경상남도
849,2012,순창,12.5,18.3,7.4,37.5,-14.7,1607.9,14.4,전라북도
850,2012,북창원,13.7,18.6,9.6,35.6,-10.8,1828.5,14.3,경상남도
851,2012,양산,14.3,19.1,10.1,36.0,-9.6,1621.4,16.1,경상남도
852,2012,보성,13.6,18.4,9.1,35.1,-9.9,1779.9,15.5,전라남도
853,2012,강진,13.1,18.0,8.7,34.8,-10.6,1703.4,15.0,전라남도
854,2012,장흥,13.3,18.5,8.6,35.3,-11.5,1774.7,15.5,전라남도
855,2012,해남,13.2,18.3,8.5,36.0,-10.7,1695.4,16.3,전라남도
856,2012,고흥,13.5,18.7,8.8,36.0,-11.0,1791.9,15.1,전라남도
857,2012,의령,12.8,19.4,7.3,35.7,-14.5,1403.6,16.0,경상남도
858,2012,함양,12.2,18.4,6.9,35.2,-13.0,1576.8,13.8,경상남도
859,2012,광양,14.7,19.4,10.8,34.9,-9.6,1891.1,16.6,전라남도
860,2012,봉화,9.1,15.8,3.1,34.7,-27.7,1220.2,12.1,경상북도
861,2012,영주,11.2,16.9,6.0,37.5,-19.9,1431.0,14.1,경상북도
862,2012,문경,11.5,17.3,6.5,35.4,-17.0,1395.5,14.8,경상북도
863,2012,청송,10.4,17.1,4.8,36.3,-21.5,978.0,12.9,경상북도
864,2012,영덕,12.9,18.0,8.6,36.3,-13.7,1119.0,15.5,경상북도
865,2012,의성,11.3,18.6,4.8,37.6,-22.1,1007.9,14.2,경상북도
866,2012,구미,12.5,18.1,7.6,36.4,-14.1,1309.6,14.9,경상북도
867,2012,영천,12.3,18.4,7.0,36.9,-14.6,1316.0,14.6,경상북도
868,2012,경주,12.4,18.2,7.3,37.0,-13.4,1274.5,14.3,경상북도
869,2012,거창,11.4,17.5,5.9,34.7,-16.1,1538.8,14.1,경상남도
870,2012,합천,12.9,19.4,7.5,37.4,-13.9,1795.4,15.7,경상남도
871,2012,밀양,13.4,19.7,7.8,37.5,-14.0,1370.4,16.5,경상남도
872,2012,산청,12.8,18.5,8.1,35.6,-11.9,1914.2,15.1,경상남도
873,2012,거제,14.2,18.4,10.4,35.8,-8.2,2037.0,15.5,경상남도
874,2012,남해,13.9,18.6,10.0,35.5,-10.0,2208.7,15.5,경상남도
875,2013,속초,12.9,16.7,9.1,35.8,-14.1,1115.7,13.3,강원도
876,2013,철원,10.0,15.9,4.5,32.7,-25.8,1758.9,12.6,강원도
877,2013,동두천,11.4,17.5,6.4,34.3,-20.7,1470.9,13.8,경기도
878,2013,파주,11.0,17.2,5.7,34.9,-24.5,1347.4,13.4,경기도
879,2013,대관령,7.5,12.7,2.5,30.1,-26.8,1052.3,10.1,강원도
880,2013,춘천,11.1,16.7,6.2,33.6,-23.1,1738.9,12.9,강원도
881,2013,백령도,10.6,13.6,8.3,30.3,-12.9,863.5,13.0,인천광역시
882,2013,북강릉,12.6,17.2,8.3,36.0,-14.2,895.4,14.7,강원도
883,2013,강릉,13.6,17.9,9.8,36.1,-13.0,921.7,15.1,강원도
884,2013,동해,13.2,17.5,9.4,36.1,-12.7,964.2,14.5,강원도
885,2013,서울,12.5,16.9,8.7,33.9,-16.4,1403.8,14.0,서울특별시
886,2013,인천,11.9,15.5,8.7,32.0,-15.9,1186.6,13.4,인천광역시
887,2013,원주,11.9,17.5,7.0,34.1,-20.3,1501.1,13.0,경상북도
888,2013,울릉도,12.7,15.9,10.2,35.4,-9.7,1265.9,14.6,경상북도
889,2013,수원,12.3,17.5,7.8,34.7,-18.1,1240.1,13.4,경기도
890,2013,영월,11.3,17.6,5.9,34.5,-22.6,1238.3,13.4,강원도
891,2013,충주,11.8,17.6,6.6,34.2,-21.7,1102.6,13.2,충청북도
892,2013,서산,11.8,16.9,7.0,33.4,-16.6,1018.7,14.3,충청남도
893,2013,울진,12.8,17.5,8.4,37.8,-12.1,994.1,15.1,경상북도
894,2013,청주,13.3,18.4,8.8,35.5,-16.9,1240.7,14.3,충청북도
895,2013,대전,13.1,18.3,8.4,35.0,-16.5,1120.2,15.0,대전광역시
896,2013,추풍령,11.8,17.2,6.8,34.0,-15.8,920.6,13.5,충청북도
897,2013,안동,12.4,18.7,7.0,36.0,-20.4,979.9,14.8,경상북도
898,2013,상주,12.4,18.3,7.5,35.6,-15.4,944.3,14.7,경상북도
899,2013,포항,14.9,19.4,11.0,37.6,-12.3,905.2,16.5,경상북도
900,2013,군산,12.6,17.5,8.4,34.9,-13.5,1092.4,14.8,전라북도
901,2013,대구,15.0,20.4,10.4,37.9,-12.5,996.4,16.7,대구광역시
902,2013,전주,13.8,19.6,9.0,37.8,-15.3,1264.7,16.5,전라북도
903,2013,울산,14.8,20.2,10.3,38.8,-12.2,858.3,16.5,울산광역시
904,2013,창원,15.0,19.7,11.1,37.1,-11.0,1110.0,16.6,경상남도
905,2013,광주,14.2,19.6,9.8,36.2,-10.3,1245.4,16.5,광주광역시
906,2013,부산,15.3,19.5,11.8,35.0,-10.7,1130.1,17.4,부산광역시
907,2013,통영,14.5,18.8,10.8,34.5,-9.4,1161.9,16.4,경상남도
908,2013,목포,13.8,18.2,10.3,36.9,-8.8,1089.7,16.8,전라남도
909,2013,여수,14.7,18.4,11.6,34.5,-9.3,1200.8,15.5,전라남도
910,2013,흑산도,13.7,16.8,11.3,33.9,-5.2,1093.7,16.2,전라남도
911,2013,완도,14.6,19.4,10.5,36.9,-7.2,1253.5,16.7,전라남도
912,2013,고창,13.0,18.3,8.3,34.8,-12.4,1226.8,15.2,전라북도
913,2013,순천,12.7,18.8,7.5,35.7,-12.9,1280.4,14.9,전라남도
914,2013,진도(첨찰산),11.6,16.6,8.4,33.6,-10.8,1257.1,14.2,전라남도
915,2013,제주,16.5,19.8,13.5,36.3,-1.8,859.1,17.6,제주도
916,2013,고산,15.5,18.4,12.9,33.8,-2.9,697.1,18.1,제주도
917,2013,성산,15.9,19.6,12.3,34.0,-3.5,1364.0,17.6,제주도
918,2013,서귀포,17.4,20.9,14.3,34.3,-1.1,1086.6,19.5,제주도
919,2013,진주,13.4,19.8,7.7,36.7,-13.0,1220.6,15.9,경상남도
920,2013,강화,10.8,15.6,6.2,32.1,-19.7,1273.5,13.5,인천광역시
921,2013,양평,11.7,17.4,6.8,34.2,-20.6,1683.1,13.9,경기도
922,2013,이천,11.4,17.4,6.1,34.3,-22.5,1366.6,13.3,경기도
923,2013,인제,10.6,16.7,5.7,33.4,-23.2,1332.1,12.6,강원도
924,2013,홍천,10.8,17.4,5.6,34.6,-24.1,1302.3,13.1,강원도
925,2013,태백,9.4,15.1,4.4,35.6,-21.7,922.4,11.7,강원도
926,2013,정선,10.5,16.6,5.5,33.8,-22.0,1250.2,13.0,강원도
927,2013,제천,10.1,16.6,4.4,33.8,-25.6,1437.0,12.9,충청북도
928,2013,보은,11.2,17.6,5.7,34.3,-22.0,1125.9,14.1,충청북도
929,2013,천안,12.3,18.1,7.1,35.6,-19.2,1095.6,14.5,충청남도
930,2013,보령,12.4,17.0,8.3,33.5,-13.6,1387.7,14.6,충청남도
931,2013,부여,12.2,18.2,7.1,34.5,-19.4,1236.3,14.4,충청남도
932,2013,금산,11.8,18.4,6.2,35.3,-22.0,996.8,14.6,충청남도
933,2013,부안,12.9,18.1,8.4,36.2,-15.8,1157.9,15.2,전라북도
934,2013,임실,11.2,17.6,5.6,34.8,-21.5,1400.0,14.1,전라북도
935,2013,정읍,13.7,19.3,8.9,37.1,-14.5,1061.9,15.6,전라북도
936,2013,남원,12.6,18.9,7.1,35.5,-18.4,1396.6,15.0,전라북도
937,2013,장수,10.7,17.0,5.1,33.8,-23.3,1574.2,14.2,전라북도
938,2013,고창군,13.5,19.0,8.8,36.6,-13.7,1079.5,15.1,전라북도
939,2013,영광,13.1,18.3,8.4,36.3,-14.3,1204.8,15.4,전라남도
940,2013,김해,14.9,20.3,10.5,39.2,-12.0,1057.2,14.0,경상남도
941,2013,순창,13.0,19.2,7.7,36.3,-16.7,1303.1,15.0,전라북도
942,2013,북창원,14.5,19.7,10.0,36.6,-11.5,1114.9,16.1,경상남도
943,2013,양산,15.0,20.4,10.4,38.1,-10.2,1092.3,16.7,경상남도
944,2013,보성,14.2,19.5,9.4,36.7,-9.8,1313.8,16.0,전라남도
945,2013,강진,13.6,19.0,8.8,35.8,-10.7,1205.3,15.0,전라남도
946,2013,장흥,13.7,19.5,8.5,36.6,-11.6,1157.3,16.1,전라남도
947,2013,해남,13.7,19.3,8.6,36.9,-12.1,1077.7,16.8,전라남도
948,2013,고흥,14.0,19.4,9.0,36.0,-10.8,1182.8,15.1,전라남도
949,2013,의령,12.8,19.8,6.9,35.4,-14.7,988.9,16.0,경상남도
950,2013,함양,12.8,19.6,7.0,36.9,-13.9,1096.2,14.5,경상남도
951,2013,광양,15.1,20.1,11.0,38.6,-9.0,1366.9,17.4,전라남도
952,2013,봉화,9.6,16.3,3.7,33.4,-25.0,1067.4,12.4,경상북도
953,2013,영주,11.6,17.6,6.3,34.8,-20.9,1180.8,14.4,경상북도
954,2013,문경,12.1,18.1,7.0,36.1,-16.5,1273.6,15.7,경상북도
955,2013,청송,11.0,18.0,5.2,34.7,-21.4,868.9,13.4,경상북도
956,2013,영덕,13.5,18.9,8.8,37.6,-12.5,863.4,15.5,경상북도
957,2013,의성,11.9,19.5,5.4,36.9,-23.2,851.0,14.7,경상북도
958,2013,구미,13.4,19.3,8.2,36.7,-15.1,895.1,15.7,경상북도
959,2013,영천,13.0,19.4,7.3,37.1,-15.7,971.7,15.3,경상북도
960,2013,경주,13.2,19.7,7.8,38.3,-13.3,820.8,14.9,경상북도
961,2013,거창,12.0,18.7,6.1,35.6,-18.4,1085.8,15.4,경상남도
962,2013,합천,13.3,20.2,7.5,37.3,-14.9,1276.0,16.6,경상남도
963,2013,밀양,14.1,20.9,8.3,38.4,-12.9,1036.5,17.1,경상남도
964,2013,산청,13.3,19.4,8.1,36.8,-13.3,1253.6,15.7,경상남도
965,2013,거제,14.9,19.6,10.9,36.7,-9.2,1256.3,16.6,경상남도
966,2013,남해,14.8,19.9,10.4,37.7,-8.6,1590.5,16.8,경상남도
967,2014,속초,13.2,17.1,9.3,34.6,-10.8,1104.0,13.9,강원도
968,2014,철원,11.0,17.3,5.1,35.3,-20.3,684.4,13.0,강원도
969,2014,동두천,12.1,18.7,6.9,36.3,-15.6,741.6,14.5,경기도
970,2014,파주,11.4,17.8,5.9,35.8,-17.0,642.7,13.7,경기도
971,2014,대관령,7.7,13.0,2.3,30.6,-19.8,1309.6,9.6,강원도
972,2014,춘천,12.1,18.0,7.0,35.1,-20.1,677.4,13.9,강원도
973,2014,백령도,11.6,14.8,9.1,33.2,-7.9,391.9,14.5,인천광역시
974,2014,북강릉,12.8,17.1,8.6,35.5,-13.2,1371.0,15.8,강원도
975,2014,강릉,13.8,17.9,9.9,36.1,-10.0,1388.8,14.5,강원도
976,2014,동해,13.3,17.5,9.4,34.3,-9.0,1411.1,14.7,강원도
977,2014,서울,13.4,18.3,9.3,35.8,-13.2,808.9,15.2,서울특별시
978,2014,인천,12.8,16.5,9.6,35.3,-11.4,788.1,14.3,인천광역시
979,2014,원주,12.8,18.6,7.7,35.9,-14.7,801.3,13.8,경상북도
980,2014,울릉도,12.8,15.9,10.3,31.3,-6.3,1527.7,14.4,경상북도
981,2014,수원,13.1,18.6,8.5,34.6,-11.1,1029.1,13.7,경기도
982,2014,영월,11.9,18.7,6.1,35.4,-17.4,876.5,13.9,강원도
983,2014,충주,12.2,18.4,6.9,34.9,-14.2,899.6,13.8,충청북도
984,2014,서산,12.3,17.8,7.5,33.7,-11.1,1000.2,14.6,충청남도
985,2014,울진,12.9,17.3,8.6,34.1,-9.5,1282.6,14.7,경상북도
986,2014,청주,13.9,19.1,9.4,36.0,-9.7,913.7,15.4,충청북도
987,2014,대전,13.4,18.9,8.8,34.9,-10.7,1117.7,15.4,대전광역시
988,2014,추풍령,11.7,17.3,6.5,35.0,-12.6,1136.4,13.3,충청북도
989,2014,안동,12.5,18.7,7.1,35.6,-13.4,960.4,14.9,경상북도
990,2014,상주,12.7,18.6,7.7,35.8,-11.7,1184.9,14.9,경상북도
991,2014,포항,14.6,18.7,10.9,36.0,-8.3,1338.2,16.2,경상북도
992,2014,군산,13.0,18.1,8.9,35.3,-8.8,1141.0,15.5,전라북도
993,2014,대구,14.9,20.2,10.5,37.5,-7.4,1072.1,16.9,대구광역시
994,2014,전주,13.9,19.8,9.0,36.0,-9.7,1206.8,16.4,전라북도
995,2014,울산,14.7,19.7,10.6,34.9,-6.5,1398.7,15.6,울산광역시
996,2014,창원,14.9,19.6,11.1,35.2,-6.1,1525.8,16.2,경상남도
997,2014,광주,14.3,19.7,10.0,36.5,-7.3,1290.3,16.2,광주광역시
998,2014,부산,15.1,19.2,12.0,32.9,-6.0,1693.1,16.7,부산광역시
999,2014,통영,14.7,19.0,11.2,35.2,-6.2,1697.1,16.8,경상남도
1000,2014,목포,13.9,18.1,10.6,34.3,-6.6,1087.7,16.5,전라남도
1001,2014,여수,14.7,18.1,11.9,32.8,-6.3,1575.3,15.3,전라남도
1002,2014,흑산도,14.1,17.0,11.9,31.1,-2.7,1186.7,16.2,전라남도
1003,2014,완도,14.5,19.0,10.6,33.4,-7.5,1862.6,16.1,전라남도
1004,2014,고창,12.9,18.2,8.3,34.5,-12.2,1291.1,15.0,전라북도
1005,2014,순천,12.6,18.8,7.3,33.2,-10.7,1910.8,14.4,전라남도
1006,2014,진도(첨찰산),11.8,16.5,8.7,31.2,-8.4,1538.0,14.4,전라남도
1007,2014,제주,16.2,19.1,13.6,35.2,0.1,1563.4,17.7,제주도
1008,2014,고산,15.5,18.5,13.0,32.6,-1.1,1271.6,18.1,제주도
1009,2014,성산,15.6,19.2,12.2,31.1,-2.7,2240.9,16.7,제주도
1010,2014,서귀포,17.0,20.4,14.0,33.8,-0.1,2473.2,17.8,제주도
1011,2014,진주,13.2,19.5,7.8,35.5,-10.6,1644.9,15.5,경상남도
1012,2014,강화,11.8,16.9,7.0,35.8,-12.9,605.4,14.2,인천광역시
1013,2014,양평,12.4,18.4,7.2,35.0,-14.5,790.1,14.7,경기도
1014,2014,이천,11.9,18.3,6.4,34.7,-14.9,791.5,13.9,경기도
1015,2014,인제,11.1,17.5,5.8,36.9,-19.6,705.2,13.1,강원도
1016,2014,홍천,11.7,18.7,6.1,36.1,-19.9,703.5,13.3,강원도
1017,2014,태백,9.3,15.2,4.3,33.6,-16.5,1171.2,11.0,강원도
1018,2014,정선,10.8,17.3,5.7,34.6,-16.5,893.7,13.3,강원도
1019,2014,제천,10.6,17.3,4.6,33.7,-20.5,913.6,13.1,충청북도
1020,2014,보은,11.5,18.1,5.8,34.2,-15.0,1089.2,14.1,충청북도
1021,2014,천안,12.8,18.7,7.6,34.6,-14.5,1020.5,14.5,충청남도
1022,2014,보령,12.9,17.6,8.9,33.8,-9.1,1010.1,15.0,충청남도
1023,2014,부여,12.7,18.9,7.6,34.4,-11.4,1142.1,14.9,충청남도
1024,2014,금산,12.1,18.7,6.4,35.5,-13.9,1131.0,14.6,충청남도
1025,2014,부안,13.1,18.4,8.6,35.2,-13.2,1188.5,14.8,전라북도
1026,2014,임실,11.5,18.1,5.8,34.2,-13.4,1340.5,13.9,전라북도
1027,2014,정읍,13.7,19.3,9.0,37.3,-11.4,1261.2,15.9,전라북도
1028,2014,남원,12.7,18.7,7.6,34.6,-11.0,1259.5,14.4,전라북도
1029,2014,장수,11.0,17.4,5.4,32.4,-17.2,1321.4,13.8,전라북도
1030,2014,고창군,13.9,19.6,9.1,36.6,-9.5,1332.7,15.9,전라북도
1031,2014,영광,13.2,18.6,8.4,36.0,-13.0,1433.1,15.2,전라남도
1032,2014,김해,14.8,20.0,10.7,35.4,-6.9,1634.8,16.5,경상남도
1033,2014,순창,13.1,19.4,7.8,36.3,-11.7,1476.9,14.7,전라북도
1034,2014,북창원,14.4,19.6,10.0,36.7,-7.3,1549.4,16.3,경상남도
1035,2014,양산,14.6,20.1,10.1,36.9,-6.8,1767.4,15.8,경상남도
1036,2014,보성,14.2,19.5,9.2,34.1,-8.9,1619.2,15.8,전라남도
1037,2014,강진,13.6,19.1,8.8,33.3,-8.9,1513.2,14.9,전라남도
1038,2014,장흥,13.7,19.5,8.6,33.2,-10.2,1546.0,15.9,전라남도
1039,2014,해남,13.7,19.0,8.7,33.6,-13.0,1173.1,16.2,전라남도
1040,2014,고흥,14.0,19.5,9.1,33.4,-9.6,1851.4,14.9,전라남도
1041,2014,의령,12.2,19.1,6.6,35.0,-12.8,1380.4,16.1,경상남도
1042,2014,함양,12.6,19.3,6.7,36.6,-12.3,1305.1,14.2,경상남도
1043,2014,광양,14.9,19.6,11.0,36.7,-6.5,1503.3,17.3,전라남도
1044,2014,봉화,9.9,16.8,3.7,34.0,-17.7,991.7,12.4,경상북도
1045,2014,영주,12.0,18.1,6.3,35.2,-14.4,1156.4,14.8,경상북도
1046,2014,문경,12.2,18.3,6.9,34.6,-13.2,1006.0,15.8,경상북도
1047,2014,청송,11.0,18.1,5.2,36.7,-16.4,907.7,13.5,경상북도
1048,2014,영덕,12.9,18.1,8.4,35.3,-9.6,1234.3,15.1,경상북도
1049,2014,의성,11.7,19.4,5.1,37.0,-16.3,869.4,14.3,경상북도
1050,2014,구미,13.5,19.5,8.3,36.7,-10.3,1222.8,15.4,경상북도
1051,2014,영천,12.8,19.2,7.1,37.7,-12.2,1193.9,14.9,경상북도
1052,2014,경주,12.9,19.2,7.5,37.8,-10.8,1274.1,15.1,경상북도
1053,2014,거창,12.0,18.6,6.3,34.6,-12.8,1242.4,15.5,경상남도
1054,2014,합천,13.1,19.9,7.4,35.5,-11.7,1292.1,16.5,경상남도
1055,2014,밀양,14.0,20.7,8.4,37.9,-10.0,1212.4,17.0,경상남도
1056,2014,산청,13.0,19.1,7.8,34.8,-10.1,1538.9,15.0,경상남도
1057,2014,거제,14.8,19.7,10.9,34.2,-5.0,2257.1,16.6,경상남도
1058,2014,남해,14.7,19.7,10.6,34.5,-7.0,2058.4,16.5,경상남도
1059,2015,속초,12.6,16.6,8.8,35.4,-10.4,1127.7,14.8,강원도
1060,2015,철원,11.1,17.5,5.2,35.6,-18.1,1094.9,13.7,강원도
1061,2015,동두천,12.4,19.0,7.1,35.7,-14.3,988.5,14.5,경기도
1062,2015,파주,11.6,18.2,5.9,35.0,-16.4,716.2,14.4,경기도
1063,2015,대관령,8.0,13.4,2.7,30.0,-19.8,981.9,10.2,강원도
1064,2015,춘천,12.5,18.4,7.3,35.9,-15.7,757.8,14.4,강원도
1065,2015,백령도,11.9,15.0,9.4,30.2,-11.5,601.5,14.9,인천광역시
1066,2015,북강릉,13.1,17.6,8.8,36.1,-11.8,1017.5,18.3,강원도
1067,2015,강릉,13.9,18.2,10.0,36.8,-9.7,1047.4,15.6,강원도
1068,2015,동해,13.8,18.0,10.1,36.6,-8.8,911.2,16.0,강원도
1069,2015,서울,13.6,18.7,9.3,36.0,-13.0,792.1,15.4,서울특별시
1070,2015,인천,13.1,17.0,9.9,33.1,-11.2,652.0,14.8,인천광역시
1071,2015,원주,13.6,19.1,8.6,37.0,-13.1,903.8,14.3,경상북도
1072,2015,울릉도,13.1,16.2,10.6,33.7,-6.9,1393.5,15.4,경상북도
1073,2015,수원,13.5,19.0,8.8,35.3,-11.7,751.1,14.3,경기도
1074,2015,영월,12.4,18.9,6.7,35.6,-15.3,676.0,15.0,강원도
1075,2015,충주,12.7,18.7,7.3,36.1,-13.8,731.8,14.5,충청북도
1076,2015,서산,12.7,18.1,7.9,33.7,-10.5,815.9,15.3,충청남도
1077,2015,울진,13.2,17.7,8.8,35.5,-10.4,819.1,15.7,경상북도
1078,2015,청주,14.0,19.2,9.6,36.4,-10.8,756.9,15.1,충청북도
1079,2015,대전,14.0,19.4,9.2,36.3,-12.4,822.7,16.1,대전광역시
1080,2015,추풍령,12.2,17.7,7.0,34.8,-12.1,829.0,14.4,충청북도
1081,2015,안동,12.9,19.0,7.5,37.2,-13.1,755.1,15.7,경상북도
1082,2015,상주,13.7,19.5,8.7,36.6,-11.1,800.3,16.1,경상북도
1083,2015,포항,14.8,18.9,11.2,37.5,-9.3,919.5,17.3,경상북도
1084,2015,군산,13.4,18.1,9.4,34.7,-9.1,895.8,15.9,전라북도
1085,2015,대구,14.8,20.1,10.2,38.3,-8.9,908.5,17.4,대구광역시
1086,2015,전주,14.2,19.6,9.7,35.3,-10.1,813.5,16.8,전라북도
1087,2015,울산,15.0,19.8,10.8,36.8,-8.2,1044.6,16.2,울산광역시
1088,2015,창원,14.6,19.4,10.8,35.5,-7.8,1110.7,15.8,경상남도
1089,2015,광주,14.6,19.8,10.4,36.2,-8.7,1049.6,16.6,광주광역시
1090,2015,부산,15.4,19.5,12.2,33.5,-7.8,1396.7,16.5,부산광역시
1091,2015,통영,14.8,19.3,11.3,34.2,-6.7,1463.8,16.9,경상남도
1092,2015,목포,14.4,18.6,11.0,35.5,-6.1,1041.6,16.5,전라남도
1093,2015,여수,14.9,18.2,12.1,32.9,-7.5,1250.5,16.0,전라남도
1094,2015,흑산도,13.6,16.7,11.3,32.4,-4.3,1085.8,16.4,전라남도
1095,2015,완도,14.5,18.9,10.9,33.1,-5.4,1638.5,17.0,전라남도
1096,2015,고창,13.4,18.7,8.8,35.6,-13.0,956.1,16.2,전라북도
1097,2015,순천,13.2,19.3,8.1,35.4,-9.3,1331.5,15.6,전라남도
1098,2015,진도(첨찰산),11.7,16.6,8.6,31.8,-8.4,1451.2,14.4,전라남도
1099,2015,제주,16.7,19.8,14.1,36.7,-0.7,1728.3,18.5,제주도
1100,2015,고산,15.6,18.5,13.2,33.4,-1.4,1546.4,18.2,제주도
1101,2015,성산,15.7,19.3,12.2,32.9,-2.8,2542.2,17.2,제주도
1102,2015,서귀포,16.7,20.0,13.9,31.5,-0.8,2618.1,18.5,제주도
1103,2015,진주,13.4,19.6,8.0,35.5,-11.5,1324.8,15.8,경상남도
1104,2015,강화,12.0,17.1,7.1,33.5,-12.1,647.9,14.5,인천광역시
1105,2015,양평,12.9,18.9,7.6,36.1,-13.5,801.5,15.1,경기도
1106,2015,이천,12.4,18.7,6.8,36.3,-14.0,842.5,14.5,경기도
1107,2015,인제,11.1,17.6,5.8,35.4,-16.0,755.7,13.7,강원도
1108,2015,홍천,12.2,19.0,6.6,37.1,-16.4,740.0,14.0,강원도
1109,2015,태백,9.8,15.4,4.8,33.1,-15.8,882.8,11.4,강원도
1110,2015,정선,11.4,17.9,6.3,36.3,-14.4,724.6,13.0,강원도
1111,2015,제천,11.1,17.8,5.1,36.0,-17.1,803.4,14.0,충청북도
1112,2015,보은,12.0,18.6,6.4,35.2,-13.7,817.0,14.7,충청북도
1113,2015,천안,13.0,18.8,7.9,36.3,-12.8,728.0,15.5,충청남도
1114,2015,보령,13.3,18.0,9.2,33.8,-9.7,785.4,15.5,충청남도
1115,2015,부여,12.9,19.0,7.8,35.8,-14.2,848.8,15.4,충청남도
1116,2015,금산,12.6,18.8,7.1,35.7,-13.2,877.6,15.0,충청남도
1117,2015,부안,13.5,18.7,9.2,35.5,-12.2,924.1,15.2,전라북도
1118,2015,임실,12.1,18.6,6.5,35.6,-15.0,843.1,13.9,전라북도
1119,2015,정읍,14.1,19.7,9.5,36.6,-10.1,988.5,16.4,전라북도
1120,2015,남원,12.8,18.8,7.8,35.9,-11.9,869.0,15.1,전라북도
1121,2015,장수,11.5,17.9,5.9,34.2,-14.6,1012.2,14.3,전라북도
1122,2015,고창군,13.9,19.5,9.3,36.2,-10.9,966.3,15.8,전라북도
1123,2015,영광,13.5,18.8,8.9,35.9,-11.4,962.6,15.4,전라남도
1124,2015,김해,15.3,20.6,11.2,36.7,-7.9,1034.6,17.5,경상남도
1125,2015,순창,13.3,19.5,8.0,35.6,-12.7,1061.1,15.2,전라북도
1126,2015,북창원,14.5,19.8,10.2,35.3,-8.9,1101.1,16.7,경상남도
1127,2015,양산,14.9,20.4,10.4,37.4,-7.6,1236.0,16.4,경상남도
1128,2015,보성,14.6,19.7,9.9,34.8,-6.8,1211.6,16.1,전라남도
1129,2015,강진,13.9,19.3,9.3,34.0,-6.6,1240.4,15.8,전라남도
1130,2015,장흥,13.9,19.5,8.9,35.3,-8.0,1161.0,16.0,전라남도
1131,2015,해남,13.9,19.2,9.0,34.1,-7.4,1157.8,16.3,전라남도
1132,2015,고흥,14.1,19.4,9.3,34.2,-7.4,1379.7,15.9,전라남도
1133,2015,의령,12.9,19.6,7.4,34.8,-12.4,1077.2,16.7,경상남도
1134,2015,함양,13.0,19.6,7.5,37.1,-10.8,985.4,14.3,경상남도
1135,2015,광양,15.4,20.2,11.5,37.1,-7.8,1205.6,17.1,전라남도
1136,2015,진도,14.1,18.5,9.9,33.4,-4.9,1330.6,16.8,전라남도
1137,2015,봉화,10.3,17.3,4.1,35.5,-17.1,589.2,13.0,경상북도
1138,2015,영주,12.5,18.6,6.9,37.1,-13.7,771.2,15.5,경상북도
1139,2015,문경,12.5,18.4,7.2,36.1,-11.9,765.3,16.0,경상북도
1140,2015,청송,11.6,18.7,5.6,37.4,-15.1,707.3,14.3,경상북도
1141,2015,영덕,13.5,19.0,8.8,38.2,-10.8,811.3,16.0,경상북도
1142,2015,의성,12.1,19.5,5.7,38.7,-16.3,596.5,14.9,경상북도
1143,2015,구미,14.1,19.7,9.0,36.8,-9.6,779.0,16.2,경상북도
1144,2015,영천,13.5,19.8,7.9,37.6,-10.4,838.7,15.7,경상북도
1145,2015,경주,13.5,19.8,8.2,37.9,-9.8,976.7,16.0,경상북도
1146,2015,거창,12.4,18.7,6.9,34.8,-12.8,1031.2,15.6,경상남도
1147,2015,합천,13.4,20.1,7.9,37.3,-11.5,1044.5,16.8,경상남도
1148,2015,밀양,14.2,20.6,8.7,36.6,-11.0,951.3,16.3,경상남도
1149,2015,산청,13.3,19.2,8.4,35.3,-9.9,1397.2,15.7,경상남도
1150,2015,거제,14.9,19.7,10.9,35.9,-6.6,1778.4,17.3,경상남도
1151,2015,남해,14.7,19.7,10.7,34.7,-7.2,1789.3,17.0,경상남도
1152,2016,속초,12.8,16.8,9.0,35.9,-16.4,1333.8,14.2,강원도
1153,2016,철원,11.2,17.4,5.5,34.3,-20.6,1180.9,13.9,강원도
1154,2016,동두천,12.6,19.3,7.4,35.7,-19.3,1087.2,15.0,경기도
1155,2016,파주,11.7,18.2,6.2,35.0,-20.0,1163.9,15.1,경기도
1156,2016,대관령,8.1,13.5,2.9,32.4,-23.0,1184.0,10.8,강원도
1157,2016,춘천,12.4,18.2,7.4,35.7,-20.1,1333.8,14.5,강원도
1158,2016,백령도,11.9,15.0,9.4,31.5,-14.2,734.0,14.5,인천광역시
1159,2016,북강릉,13.1,17.4,9.1,34.9,-15.2,1204.2,14.3,강원도
1160,2016,강릉,13.8,18.1,10.0,35.5,-14.7,1258.2,15.9,강원도
1161,2016,동해,14.2,18.0,10.6,34.5,-12.0,924.5,15.3,강원도
1162,2016,서울,13.6,18.5,9.4,36.6,-18.0,991.7,15.7,서울특별시
1163,2016,인천,13.3,17.1,10.0,34.0,-16.3,864.3,15.0,인천광역시
1164,2016,원주,13.4,18.5,8.8,35.7,-15.9,874.6,14.0,경상북도
1165,2016,울릉도,13.2,16.3,10.7,31.5,-9.9,2050.4,14.8,경상북도
1166,2016,수원,13.6,19.1,9.0,36.5,-16.2,1023.4,14.0,경기도
1167,2016,영월,12.4,18.6,7.1,36.6,-17.4,940.4,15.5,강원도
1168,2016,충주,12.9,19.0,7.5,36.7,-17.0,917.1,14.9,충청북도
1169,2016,서산,12.9,18.2,8.2,34.6,-12.7,922.1,15.5,충청남도
1170,2016,울진,13.2,17.7,9.2,33.9,-13.5,1196.3,15.5,경상북도
1171,2016,청주,13.9,18.9,9.5,36.3,-16.3,938.0,15.0,충청북도
1172,2016,대전,14.0,19.4,9.4,37.6,-17.0,1228.4,16.5,대전광역시
1173,2016,추풍령,12.4,17.9,7.4,35.6,-16.8,1147.1,14.5,충청북도
1174,2016,안동,13.2,19.2,7.9,37.8,-15.7,934.4,15.6,경상북도
1175,2016,상주,13.8,19.6,9.0,37.2,-15.1,1136.2,16.3,경상북도
1176,2016,포항,15.2,19.2,11.7,39.3,-12.3,1515.4,17.0,경상북도
1177,2016,군산,13.8,18.6,9.8,34.9,-13.8,1144.4,16.2,전라북도
1178,2016,대구,14.6,19.8,10.1,38.1,-13.0,1227.3,17.4,대구광역시
1179,2016,전주,14.3,19.4,10.2,36.2,-13.0,1117.7,16.6,전라북도
1180,2016,울산,14.8,19.4,10.8,35.7,-11.4,1693.9,15.0,울산광역시
1181,2016,창원,14.9,19.6,11.1,36.7,-12.6,1893.0,16.3,경상남도
1182,2016,광주,15.0,20.1,10.9,37.2,-11.7,1482.3,16.3,광주광역시
1183,2016,부산,15.7,19.8,12.5,37.3,-10.2,1760.2,17.2,부산광역시
1184,2016,통영,15.3,19.5,11.9,35.2,-8.6,1993.7,16.7,경상남도
1185,2016,목포,14.8,18.8,11.5,36.0,-9.1,1398.0,17.2,전라남도
1186,2016,여수,15.3,18.6,12.5,34.4,-8.9,1616.6,16.4,전라남도
1187,2016,흑산도,13.7,16.9,11.3,31.6,-8.7,1183.1,16.2,전라남도
1188,2016,완도,15.1,19.2,11.6,35.6,-8.0,1608.4,16.8,전라남도
1189,2016,고창,14.0,19.1,9.7,35.7,-12.4,1090.9,15.6,전라북도
1190,2016,순천,13.9,19.7,9.0,37.8,-13.4,1614.6,15.6,전라남도
1191,2016,진도(첨찰산),12.4,17.0,9.3,33.4,-12.7,1454.0,15.4,전라남도
1192,2016,제주,17.0,20.2,14.4,35.5,-5.8,1416.4,18.4,제주도
1193,2016,고산,16.2,19.2,13.8,34.0,-6.2,1293.1,18.3,제주도
1194,2016,성산,16.3,19.8,13.1,35.3,-6.9,2255.9,17.2,제주도
1195,2016,서귀포,17.0,20.1,14.3,33.2,-6.4,2204.5,18.9,제주도
1196,2016,진주,13.8,19.9,8.6,37.5,-12.8,1734.6,16.3,경상남도
1197,2016,강화,12.1,17.2,7.4,33.9,-17.4,1100.9,14.6,인천광역시
1198,2016,양평,12.9,18.8,7.9,36.1,-17.8,935.9,15.5,경기도
1199,2016,이천,12.7,19.0,7.2,36.3,-18.5,870.2,15.1,경기도
1200,2016,인제,11.2,17.4,6.0,35.0,-19.0,1185.7,14.0,강원도
1201,2016,홍천,12.3,18.9,6.9,36.6,-19.3,967.9,14.2,강원도
1202,2016,태백,9.8,15.3,4.8,34.6,-20.4,1141.4,11.5,강원도
1203,2016,정선,11.5,17.9,6.5,35.9,-18.3,1174.2,13.6,강원도
1204,2016,제천,11.3,17.8,5.4,35.4,-20.7,1107.9,13.6,충청북도
1205,2016,보은,12.3,18.8,6.7,35.6,-18.2,1291.6,15.4,충청북도
1206,2016,천안,12.7,18.6,7.4,35.1,-18.6,1004.8,15.0,충청남도
1207,2016,보령,13.6,18.3,9.5,33.9,-13.6,792.8,16.0,충청남도
1208,2016,부여,13.3,19.4,8.2,36.2,-17.5,1129.3,16.0,충청남도
1209,2016,금산,12.7,19.0,7.3,35.7,-17.4,1325.6,15.3,충청남도
1210,2016,부안,13.8,19.0,9.5,35.1,-15.6,1075.5,15.8,전라북도
1211,2016,임실,12.5,19.1,7.0,36.3,-20.6,1326.5,14.2,전라북도
1212,2016,정읍,14.3,19.7,9.7,36.4,-14.7,1279.5,16.4,전라북도
1213,2016,남원,13.5,19.4,8.5,36.2,-17.0,1388.5,15.2,전라북도
1214,2016,장수,11.7,18.0,6.1,34.1,-17.5,1485.8,15.0,전라북도
1215,2016,고창군,14.3,19.8,9.7,37.0,-13.0,1126.1,16.0,전라북도
1216,2016,영광,13.7,18.8,9.2,35.1,-13.2,1209.3,15.8,전라남도
1217,2016,김해,15.4,20.6,11.4,36.7,-10.4,1634.0,17.7,경상남도
1218,2016,순창,12.7,18.7,7.5,35.4,-17.7,1509.9,15.2,전라북도
1219,2016,북창원,14.9,19.9,10.7,36.3,-11.3,1985.7,16.5,경상남도
1220,2016,양산,15.3,20.7,10.8,37.5,-10.5,1978.8,16.5,경상남도
1221,2016,보성,14.7,19.7,10.1,36.1,-9.6,1599.8,16.4,전라남도
1222,2016,강진,14.4,19.6,10.0,37.0,-9.5,1619.4,16.3,전라남도
1223,2016,장흥,14.3,19.5,9.5,36.2,-10.5,1513.2,16.7,전라남도
1224,2016,해남,14.0,19.4,9.1,37.1,-9.8,1360.2,17.1,전라남도
1225,2016,고흥,14.2,19.3,9.6,36.0,-9.3,1641.9,16.6,전라남도
1226,2016,의령,13.3,19.9,7.9,37.0,-13.9,1474.0,17.1,경상남도
1227,2016,함양,13.6,20.0,8.1,37.3,-11.7,1128.0,15.1,경상남도
1228,2016,광양,15.4,20.1,11.5,37.8,-9.9,1607.4,17.4,전라남도
1229,2016,진도,14.5,18.7,10.4,35.2,-8.6,1569.1,17.1,전라남도
1230,2016,봉화,10.8,17.6,4.8,35.0,-18.7,1044.8,13.3,경상북도
1231,2016,영주,12.3,18.2,6.8,35.5,-16.9,1263.3,16.0,경상북도
1232,2016,문경,12.3,18.0,7.3,36.3,-16.2,1193.8,16.1,경상북도
1233,2016,청송,11.8,18.6,6.0,36.3,-15.9,1008.0,14.7,경상북도
1234,2016,영덕,13.8,19.1,9.2,38.6,-13.7,1088.3,15.7,경상북도
1235,2016,의성,12.7,20.0,6.5,38.0,-19.3,1017.5,15.5,경상북도
1236,2016,구미,14.2,19.5,9.4,36.6,-13.1,1208.0,16.5,경상북도
1237,2016,영천,13.9,19.9,8.5,39.6,-13.9,1175.2,15.7,경상북도
1238,2016,경주,14.0,19.9,8.9,39.4,-12.9,1251.4,15.6,경상북도
1239,2016,거창,12.7,19.1,7.3,36.5,-13.4,1229.8,15.8,경상남도
1240,2016,합천,13.8,20.3,8.5,39.2,-14.0,1505.6,17.4,경상남도
1241,2016,밀양,14.7,20.8,9.5,37.8,-12.0,1568.2,16.9,경상남도
1242,2016,산청,13.8,19.6,9.0,37.0,-12.1,1530.0,15.9,경상남도
1243,2016,거제,15.6,20.1,11.7,36.9,-8.7,2262.6,17.5,경상남도
1244,2016,남해,15.1,20.0,11.1,37.5,-8.8,2400.8,17.0,경상남도
1245,2017,속초,13.1,17.4,8.9,34.9,-11.2,1208.2,14.9,강원도
1246,2017,북춘천,11.3,18.1,5.3,37.5,-19.0,1133.4,13.7,강원도
1247,2017,철원,10.5,16.8,4.5,33.8,-18.8,1233.4,13.6,강원도
1248,2017,동두천,11.8,18.6,6.4,35.9,-16.6,989.7,14.6,경기도
1249,2017,파주,10.5,17.2,4.7,34.9,-18.8,947.8,13.8,경기도
1250,2017,대관령,7.3,12.5,2.0,31.1,-21.1,1025.3,9.7,강원도
1251,2017,춘천,11.7,17.6,6.4,36.3,-17.6,1217.2,13.7,강원도
1252,2017,백령도,11.8,15.0,9.3,31.8,-7.4,335.1,14.9,인천광역시
1253,2017,북강릉,13.1,17.3,8.8,33.9,-10.7,1172.4,14.9,강원도
1254,2017,강릉,13.9,18.3,9.9,37.1,-9.6,1081.9,15.4,강원도
1255,2017,동해,14.1,18.0,10.2,33.8,-7.5,985.7,14.9,강원도
1256,2017,서울,13.0,18.1,8.8,35.4,-12.6,1233.2,15.0,서울특별시
1257,2017,인천,12.5,16.3,9.3,34.0,-11.1,1028.9,13.9,인천광역시
1258,2017,원주,12.1,17.3,7.3,34.8,-15.2,1063.6,13.9,경상북도
1259,2017,울릉도,13.1,16.2,10.5,32.4,-7.0,1181.7,15.0,경상북도
1260,2017,수원,12.6,18.3,7.8,36.9,-13.6,1328.6,14.0,경기도
1261,2017,영월,11.7,17.9,6.2,35.7,-15.6,996.1,13.8,강원도
1262,2017,충주,12.0,18.3,6.4,36.3,-16.0,1072.9,14.2,충청북도
1263,2017,서산,12.2,17.6,7.2,34.7,-12.9,830.4,16.1,충청남도
1264,2017,울진,13.2,18.0,8.8,37.1,-9.0,857.5,15.8,경상북도
1265,2017,청주,13.4,18.7,8.9,36.7,-11.1,1301.2,14.8,충청북도
1266,2017,대전,13.4,18.9,8.5,35.9,-11.8,1127.5,16.1,대전광역시
1267,2017,추풍령,11.9,17.7,6.6,34.6,-12.1,921.8,14.1,충청북도
1268,2017,안동,12.6,19.0,7.0,36.6,-14.5,938.8,14.8,경상북도
1269,2017,상주,13.3,19.3,8.2,36.6,-11.2,953.3,16.1,경상북도
1270,2017,포항,15.0,19.4,11.1,38.6,-8.0,674.3,17.4,경상북도
1271,2017,군산,13.1,18.2,8.8,36.2,-10.0,774.4,15.4,전라북도
1272,2017,대구,14.4,20.1,9.3,38.4,-10.2,663.7,17.1,대구광역시
1273,2017,전주,13.6,19.0,9.2,35.1,-9.7,947.8,16.2,전라북도
1274,2017,울산,14.5,19.4,10.1,36.1,-8.7,671.4,15.2,울산광역시
1275,2017,창원,14.8,20.0,10.5,38.5,-8.4,879.3,16.3,경상남도
1276,2017,광주,14.6,20.1,10.2,37.3,-7.9,936.6,16.4,광주광역시
1277,2017,부산,15.2,19.6,11.7,36.2,-7.7,1014.4,17.5,부산광역시
1278,2017,통영,14.9,19.4,11.1,36.3,-7.3,1249.4,18.3,경상남도
1279,2017,목포,14.3,18.5,10.8,34.5,-6.5,722.5,17.2,전라남도
1280,2017,여수,14.3,18.5,10.8,34.5,-6.5,722.5,17.2,전라남도
1281,2017,흑산도,15.0,18.8,11.9,35.9,-6.8,1019.6,16.7,전라남도
1282,2017,완도,13.5,17.2,10.8,33.7,-2.7,746.9,16.7,전라남도
1283,2017,고창,14.9,19.6,11.0,35.4,-5.1,958.1,16.9,전라북도
1284,2017,순천,13.1,18.7,8.1,35.3,-9.4,901.9,15.2,전라남도
1285,2017,진도(첨찰산),12.7,19.3,7.1,36.4,-10.2,883.4,14.9,전라남도
1286,2017,홍성,12.4,17.4,9.0,34.0,-7.7,814.5,15.4,충청남도
1287,2017,고산,16.8,20.0,14.0,37.0,-1.1,773.3,18.4,제주도
1288,2017,성산,16.0,19.1,13.4,35.1,-1.4,861.3,18.3,제주도
1289,2017,서귀포,16.0,19.8,12.3,34.3,-3.8,1917.7,16.8,제주도
1290,2017,진주,17.0,20.3,14.0,35.8,-1.6,1334.0,18.8,경상남도
1291,2017,강화,13.5,20.3,7.5,37.1,-12.0,766.7,16.4,인천광역시
1292,2017,양평,11.5,16.5,6.6,33.4,-14.3,809.3,14.0,경기도
1293,2017,이천,12.2,18.1,6.8,36.3,-17.0,1188.4,15.1,경기도
1294,2017,인제,11.7,18.2,5.9,37.1,-17.4,1020.0,14.7,강원도
1295,2017,홍천,10.5,16.8,5.2,35.8,-17.3,1209.3,13.5,강원도
1296,2017,태백,11.3,18.0,5.7,37.2,-18.2,1192.2,13.7,강원도
1297,2017,정선,9.0,14.5,3.9,33.1,-16.3,933.8,10.9,강원도
1298,2017,제천,10.8,17.3,5.5,35.5,-17.2,972.5,13.6,충청북도
1299,2017,보은,10.5,17.2,4.3,36.2,-18.9,1070.7,13.4,충청북도
1300,2017,천안,11.5,18.4,5.5,35.8,-16.9,1322.8,14.6,충청남도
1301,2017,보령,11.8,18.0,6.1,35.2,-15.9,1305.0,14.1,충청남도
1302,2017,부여,12.8,17.5,8.5,35.2,-10.4,856.2,15.2,충청남도
1303,2017,금산,12.5,18.9,7.0,36.5,-13.3,1112.0,14.6,충청남도
1304,2017,부안,11.8,18.5,6.0,36.0,-15.0,967.6,14.3,전라북도
1305,2017,임실,13.2,18.7,8.6,35.8,-9.7,906.5,15.3,전라북도
1306,2017,정읍,11.6,18.6,5.6,36.5,-14.9,958.3,13.5,전라북도
1307,2017,남원,13.1,18.8,8.1,35.8,-10.9,938.2,15.6,전라북도
1308,2017,장수,12.7,19.2,7.2,37.0,-13.1,851.3,14.5,전라북도
1309,2017,고창군,10.8,17.5,4.8,35.3,-16.6,1128.1,14.2,전라북도
1310,2017,영광,13.5,19.4,8.3,36.2,-10.0,1063.3,15.4,전라남도
1311,2017,김해,12.9,18.6,8.0,35.8,-9.9,841.7,15.2,경상남도
1312,2017,순창,14.6,20.2,10.1,38.0,-8.4,755.8,16.9,전라북도
1313,2017,북창원,12.2,18.7,6.6,36.7,-14.8,1023.2,14.3,경상남도
1314,2017,보성,15.1,21.0,10.1,38.7,-8.5,720.2,16.2,전라남도
1315,2017,강진,14.1,19.9,8.8,35.5,-8.7,918.1,15.7,전라남도
1316,2017,장흥,-,19.7,8.8,37.0,-7.3,816.2,16.0,전라남도
1317,2017,해남,13.8,19.8,8.2,35.6,-8.8,969.7,15.9,전라남도
1318,2017,고흥,13.4,19.5,7.6,37.2,-10.4,725.3,17.1,전라남도
1319,2017,의령,13.7,19.5,8.4,36.0,-10.6,1115.4,16.1,경상남도
1320,2017,함양,13.6,20.9,7.4,37.6,-12.2,876.8,16.7,경상남도
1321,2017,광양,14.9,20.1,10.6,37.0,-7.6,824.4,16.7,전라남도
1322,2017,진도,14.0,18.7,9.4,34.8,-6.1,787.6,18.0,전라남도
1323,2017,봉화,10.3,17.4,3.9,34.6,-17.9,795.3,12.7,경상북도
1324,2017,영주,11.6,17.7,5.9,36.4,-15.4,1055.3,15.4,경상북도
1325,2017,문경,12.4,18.5,7.0,36.0,-13.1,1292.8,15.4,경상북도
1326,2017,청송,11.2,18.5,5.0,36.9,-16.3,783.9,13.9,경상북도
1327,2017,영덕,13.7,19.3,8.8,38.1,-9.4,880.3,16.3,경상북도
1328,2017,의성,11.9,19.9,5.0,36.6,-16.7,691.7,14.9,경상북도
1329,2017,구미,13.7,19.7,8.4,36.2,-10.8,688.6,16.3,경상북도
1330,2017,영천,13.5,20.2,7.5,38.9,-13.4,713.9,15.6,경상북도
1331,2017,경주,13.7,20.3,7.9,39.7,-10.2,590.7,15.5,경상북도
1332,2017,거창,12.2,19.3,6.0,36.2,-13.9,782.8,15.1,경상남도
1333,2017,합천,13.5,20.7,7.2,38.4,-13.0,780.0,17.0,경상남도
1334,2017,밀양,14.2,21.2,8.1,39.0,-11.4,558.1,17.2,경상남도
1335,2017,산청,13.3,19.9,7.8,36.5,-12.6,770.8,15.7,경상남도
1336,2017,거제,15.2,20.2,11.0,37.0,-6.8,1411.1,16.9,경상남도
1337,2017,남해,14.9,20.2,10.4,36.9,-9.1,1157.8,17.0,경상남도
1338,2018,속초,12.6,16.9,8.5,38.7,-16.2,1777.0,14.4,강원도
1339,2018,북춘천,11.2,17.9,5.3,40.6,-21.7,1261.9,-,강원도
1340,2018,철원,10.4,16.7,4.6,38.4,-25.2,1480.6,13.4,강원도
1341,2018,동두천,11.7,18.4,6.4,38.7,-20.4,1500.0,14.3,경기도
1342,2018,파주,10.5,17.1,4.9,37.6,-23.5,1009.5,13.0,경기도
1343,2018,대관령,7.2,12.5,2.0,32.9,-24.4,1731.4,9.3,강원도
1344,2018,춘천,11.6,17.6,6.4,39.5,-21.6,1401.5,13.7,강원도
1345,2018,백령도,11.0,14.1,8.3,32.8,-13.7,831.1,-,인천광역시
1346,2018,북강릉,12.7,16.9,8.5,37.1,-15.9,1548.1,13.9,강원도
1347,2018,강릉,13.7,18.0,9.8,38.2,-14.2,1599.4,15.2,강원도
1348,2018,동해,13.2,17.1,9.4,35.8,-12.4,1436.5,14.8,강원도
1349,2018,서울,12.9,17.9,8.8,39.6,-17.8,1284.1,14.6,서울특별시
1350,2018,인천,12.5,16.3,9.2,35.9,-17.1,1134.4,13.8,인천광역시
1351,2018,원주,12.4,17.7,7.7,38.8,-17.4,1229.2,13.7,경상북도
1352,2018,울릉도,13.0,16.0,10.5,34.5,-10.7,1586.4,15.2,경상북도
1353,2018,수원,12.7,18.5,7.9,39.3,-16.8,1293.1,13.7,경기도
1354,2018,영월,11.5,18.0,6.1,39.9,-18.5,1360.8,14.1,강원도
1355,2018,충주,12.0,18.4,6.4,40.0,-19.2,1349.1,14.7,충청북도
1356,2018,서산,12.2,17.6,7.4,37.1,-15.9,1227.2,14.8,충청남도
1357,2018,울진,13.0,17.8,8.6,36.6,-13.3,1436.2,15.4,경상북도
1358,2018,청주,13.5,18.7,9.1,39.1,-15.8,1381.6,14.8,충청북도
1359,2018,대전,13.5,19.0,8.8,39.4,-16.3,1542.1,15.8,대전광역시
1360,2018,추풍령,11.9,17.5,6.5,36.7,-15.9,1304.2,14.2,충청북도
1361,2018,안동,12.7,18.9,7.3,38.9,-18.2,1078.0,15.1,경상북도
1362,2018,상주,13.1,19.1,8.0,38.5,-14.9,1357.2,15.8,경상북도
1363,2018,포항,14.8,19.0,11.1,39.4,-12.9,1284.3,16.9,경상북도
1364,2018,군산,13.2,18.1,9.0,37.1,-15.0,1637.1,15.9,전라북도
1365,2018,대구,14.1,19.6,9.2,39.2,-13.9,1297.6,16.3,대구광역시
1366,2018,전주,13.9,19.3,9.5,38.9,-15.0,1332.5,16.7,전라북도
1367,2018,울산,14.3,19.0,10.2,37.3,-12.4,1416.1,14.9,울산광역시
1368,2018,창원,14.2,19.1,10.1,37.0,-12.0,1507.3,15.9,경상남도
1369,2018,광주,14.6,20.1,10.3,38.5,-11.5,1427.9,16.5,광주광역시
1370,2018,부산,15.1,19.2,11.8,36.4,-9.9,1778.6,17.6,부산광역시
1371,2018,통영,14.8,19.2,11.2,36.9,-9.0,2118.7,16.8,경상남도
1372,2018,목포,14.4,18.4,11.1,36.7,-11.3,1363.3,17.2,전라남도
1373,2018,여수,14.9,18.4,12.0,35.0,-10.3,1578.7,16.5,전라남도
1374,2018,흑산도,13.8,17.2,11.4,34.9,-6.7,1516.2,17.1,전라남도
1375,2018,완도,14.8,19.2,11.1,35.7,-8.2,1431.4,16.3,전라남도
1376,2018,고창,13.3,18.8,8.5,37.8,-15.8,1316.9,15.6,전라북도
1377,2018,순천,12.7,18.8,7.3,35.8,-12.5,1532.4,14.7,전라남도
1378,2018,진도(첨찰산),12.2,17.1,9.1,35.6,-13.8,1394.6,15.2,전라남도
1379,2018,홍성,12.4,17.8,7.3,37.0,-16.6,1299.0,15.1,충청남도
1380,2018,제주,16.6,19.8,13.9,35.3,-2.6,1769.5,18.3,제주도
1381,2018,고산,16.1,19.2,13.6,35.5,-2.7,1345.8,18.0,제주도
1382,2018,성산,15.7,19.3,12.3,34.7,-3.8,2146.7,16.6,제주도
1383,2018,서귀포,16.7,20.0,13.9,33.5,-3.0,2166.2,18.5,제주도
1384,2018,진주,13.4,19.8,7.7,37.9,-14.3,1605.4,-,경상남도
1385,2018,강화,11.3,16.4,6.5,35.4,-19.0,1072.3,13.7,인천광역시
1386,2018,양평,12.1,18.2,6.8,40.1,-19.9,1355.4,14.5,경기도
1387,2018,이천,11.7,18.3,6.0,39.4,-19.2,1425.5,14.5,경기도
1388,2018,인제,10.1,16.5,4.8,37.7,-21.3,1214.3,12.4,강원도
1389,2018,홍천,11.2,18.0,5.6,41.0,-21.7,1348.6,13.7,강원도
1390,2018,태백,9.3,14.8,4.2,35.7,-20.1,1489.3,10.7,강원도
1391,2018,정선,10.6,17.2,5.4,39.6,-20.1,1420.9,13.7,강원도
1392,2018,제천,10.5,17.4,4.5,39.4,-21.3,1409.3,13.7,충청북도
1393,2018,보은,11.6,18.5,5.7,38.2,-19.7,1409.5,14.7,충청북도
1394,2018,천안,11.8,18.0,6.2,37.8,-20.6,1163.4,14.7,충청남도
1395,2018,보령,13.0,17.6,8.8,36.4,-14.8,1337.2,15.7,충청남도
1396,2018,부여,12.7,19.1,7.3,39.3,-16.6,1457.9,15.3,충청남도
1397,2018,금산,12.0,18.6,6.2,38.8,-17.5,1397.2,15.0,충청남도
1398,2018,부안,13.3,18.8,8.8,38.0,-14.6,1359.0,16.3,전라북도
1399,2018,임실,12.0,18.8,6.0,37.5,-20.0,1468.2,14.7,전라북도
1400,2018,정읍,13.1,18.7,8.4,38.4,-14.7,1305.0,16.1,전라북도
1401,2018,남원,13.0,19.2,7.7,37.5,-16.4,1431.7,15.4,전라북도
1402,2018,장수,11.1,17.7,5.2,36.5,-19.4,1665.0,14.7,전라북도
1403,2018,고창군,12.8,18.7,7.9,37.7,-15.6,1314.1,15.7,전라북도
1404,2018,영광,13.1,18.7,8.4,37.6,-15.2,1378.0,15.7,전라남도
1405,2018,김해,14.8,20.3,10.5,38.5,-12.4,1469.7,-,경상남도
1406,2018,순창,12.8,19.2,7.4,38.1,-16.2,1523.3,15.7,전라북도
1407,2018,북창원,14.4,19.8,10.0,37.3,-11.7,1654.9,16.7,경상남도
1408,2018,양산,14.8,20.5,10.0,39.1,-11.1,1589.2,15.4,경상남도
1409,2018,보성,14.1,19.4,9.1,36.2,-11.6,1430.1,15.7,전라남도
1410,2018,강진,14.0,19.5,9.3,37.4,-12.7,1634.5,16.3,전라남도
1411,2018,장흥,13.8,19.5,8.5,36.8,-13.2,1410.9,15.9,전라남도
1412,2018,해남,13.2,19.0,7.9,36.6,-14.0,1297.1,15.8,전라남도
1413,2018,고흥,13.6,19.1,8.5,35.7,-12.6,1458.8,15.7,전라남도
1414,2018,의령,13.5,20.4,7.6,38.7,-14.4,1561.6,16.4,경상남도
1415,2018,함양,12.7,19.6,6.7,37.8,-16.0,1666.7,14.2,경상남도
1416,2018,광양,14.8,19.8,10.7,37.6,-11.3,1695.0,16.2,전라남도
1417,2018,진도,14.1,18.5,9.8,35.5,-9.5,1589.5,17.1,전라남도
1418,2018,봉화,10.3,17.4,4.0,37.8,-21.7,1290.7,13.0,경상북도
1419,2018,영주,11.6,17.6,5.9,38.0,-19.0,1591.5,15.7,경상북도
1420,2018,문경,12.4,18.4,7.0,38.1,-16.7,1360.1,15.3,경상북도
1421,2018,청송,11.2,18.1,5.3,38.1,-19.8,1139.7,14.5,경상북도
1422,2018,영덕,13.4,18.9,8.6,39.9,-14.6,1365.4,15.9,경상북도
1423,2018,의성,12.4,20.2,5.7,40.4,-19.2,1079.4,15.3,경상북도
1424,2018,구미,13.6,19.3,8.5,38.1,-14.6,1410.1,16.2,경상북도
1425,2018,영천,13.3,19.8,7.6,39.1,-14.8,1149.8,15.1,경상북도
1426,2018,경주,13.5,19.7,8.1,39.8,-13.0,1303.7,15.2,경상북도
1427,2018,거창,12.3,19.1,6.2,37.1,-16.4,1215.6,15.0,경상남도
1428,2018,합천,13.3,20.3,7.3,39.5,-15.2,1479.4,16.5,경상남도
1429,2018,밀양,13.8,20.3,8.2,38.9,-13.7,1337.0,16.5,경상남도
1430,2018,산청,13.1,19.5,7.8,37.9,-14.6,1601.5,15.4,경상남도
1431,2018,거제,15.0,19.8,11.0,37.8,-8.3,2507.6,16.2,경상남도
1432,2018,남해,14.6,19.7,10.3,36.8,-9.9,2203.6,16.6,경상남도
1433,2019,속초,13.8,18.0,9.6,36.1,-9.0,1355.5,15.0,강원도
1434,2019,북춘천,11.7,18.3,5.8,36.5,-15.1,931.8,14.3,강원도
1435,2019,철원,11.1,17.5,5.0,35.1,-17.1,920.5,13.4,강원도
1436,2019,동두천,12.0,18.4,6.6,35.8,-13.4,1028.1,14.4,경기도
1437,2019,파주,11.3,17.7,5.5,34.7,-16.1,1022.4,13.7,경기도
1438,2019,대관령,8.1,13.6,2.7,30.2,-20.1,1198.5,10.1,강원도
1439,2019,춘천,12.3,18.3,7.1,36.3,-14.1,923.2,14.0,강원도
1440,2019,백령도,12.0,15.3,9.3,31.2,-9.3,595.4,15.0,인천광역시
1441,2019,북강릉,13.6,17.9,9.4,34.5,-7.6,1569.7,14.9,강원도
1442,2019,강릉,14.7,19.4,10.7,36.4,-6.2,1670.5,15.6,강원도
1443,2019,동해,13.4,17.4,9.6,33.5,-6.0,1532.8,15.4,강원도
1444,2019,서울,13.5,18.5,9.3,36.8,-10.9,891.3,15.2,서울특별시
1445,2019,인천,13.2,17.1,9.9,36.0,-10.4,919.5,14.2,인천광역시
1446,2019,원주,13.0,18.3,8.1,35.9,-11.3,771.9,13.7,경상북도
1447,2019,울릉도,13.7,16.8,11.1,32.7,-2.9,1367.4,16.0,경상북도
1448,2019,수원,13.2,18.8,8.2,36.5,-10.8,915.8,14.0,경기도
1449,2019,영월,12.1,18.7,6.6,36.9,-13.4,830.4,14.3,강원도
1450,2019,충주,12.3,18.6,6.7,35.5,-13.2,795.5,14.5,충청북도
1451,2019,서산,12.7,18.3,7.6,36.3,-10.9,915.0,14.8,충청남도
1452,2019,울진,13.9,18.7,9.6,35.8,-5.4,1581.2,15.9,경상북도
1453,2019,청주,14.2,19.3,9.7,36.7,-8.6,856.7,15.7,충청북도
1454,2019,대전,14.0,19.5,9.2,36.0,-9.6,984.2,15.9,대전광역시
1455,2019,추풍령,12.4,17.9,7.1,33.8,-11.2,1164.1,14.2,충청북도
1456,2019,안동,12.9,18.9,7.4,36.9,-11.6,867.8,15.7,경상북도
1457,2019,상주,13.4,19.2,8.3,35.2,-8.7,1062.5,15.7,경상북도
1458,2019,포항,15.5,19.8,11.8,36.5,-5.1,1425.1,17.5,경상북도
1459,2019,군산,13.5,18.4,9.3,34.9,-8.1,1008.1,15.7,전라북도
1460,2019,대구,14.8,20.3,9.9,36.9,-7.2,995.7,16.7,대구광역시
1461,2019,전주,14.2,19.5,9.7,35.1,-7.5,968.9,16.3,전라북도
1462,2019,울산,14.9,19.7,10.7,35.0,-5.3,1450.1,15.1,울산광역시
1463,2019,창원,14.6,19.7,10.5,35.6,-5.9,1587.0,16.5,경상남도
1464,2019,광주,14.7,20.0,10.5,34.8,-5.9,1085.9,16.5,광주광역시
1465,2019,부산,15.7,19.8,12.5,35.0,-4.4,1623.2,16.9,부산광역시
1466,2019,통영,15.3,19.8,11.6,35.9,-4.2,1684.6,16.8,경상남도
1467,2019,목포,14.3,18.2,11.1,33.8,-4.1,1248.4,16.7,전라남도
1468,2019,여수,15.4,19.0,12.5,33.9,-4.8,1529.9,16.7,전라남도
1469,2019,흑산도,14.1,17.4,11.7,29.9,-1.2,1079.1,16.9,전라남도
1470,2019,완도,15.0,19.5,11.3,33.5,-4.1,1678.8,16.3,전라남도
1471,2019,고창,13.4,18.9,8.6,35.1,-8.3,1099.5,15.3,전라북도
1472,2019,순천,13.1,19.3,7.9,33.8,-8.5,1568.2,14.8,전라남도
1473,2019,홍성,12.7,18.3,7.5,34.7,-10.9,922.3,15.1,충청남도
1474,2019,제주,16.8,19.9,14.2,35.4,1.0,1979.9,18.4,제주도
1475,2019,고산,16.2,19.2,13.7,32.9,1.3,1560.9,17.8,제주도
1476,2019,성산,16.1,19.8,12.5,32.5,-0.7,2658.1,17.0,제주도
1477,2019,서귀포,17.3,20.5,14.4,32.2,2.0,2210.3,19.7,제주도
1478,2019,진주,13.9,20.5,8.3,35.7,-10.1,1481.6,16.5,경상남도
1479,2019,강화,12.2,17.4,7.1,35.0,-12.6,1079.3,14.5,인천광역시
1480,2019,양평,12.7,18.8,7.4,36.4,-13.6,1038.6,14.8,경기도
1481,2019,이천,12.3,18.9,6.6,37.3,-14.6,997.5,14.7,경기도
1482,2019,인제,11.2,17.6,5.8,36.0,-15.4,779.3,13.8,강원도
1483,2019,홍천,12.1,19.0,6.6,37.1,-14.9,871.4,14.1,강원도
1484,2019,태백,9.9,15.6,4.8,33.0,-14.6,1169.8,11.4,강원도
1485,2019,정선,11.2,17.9,5.9,35.6,-13.8,798.9,13.6,강원도
1486,2019,제천,11.1,18.2,4.9,36.5,-16.1,843.0,13.5,충청북도
1487,2019,보은,12.2,19.0,6.1,35.8,-13.1,1046.2,14.3,충청북도
1488,2019,천안,12.0,18.1,6.3,34.3,-13.2,845.6,14.3,충청남도
1489,2019,보령,13.2,18.1,8.9,35.5,-8.0,821.9,15.9,충청남도
1490,2019,부여,12.9,19.5,7.4,36.4,-10.9,992.0,15.4,충청남도
1491,2019,금산,12.4,19.2,6.6,36.1,-12.5,982.6,14.8,충청남도
1492,2019,부안,13.7,19.1,9.1,35.8,-8.2,1087.5,16.1,전라북도
1493,2019,임실,12.2,19.1,6.4,35.3,-12.4,1069.7,14.2,전라북도
1494,2019,정읍,13.3,18.8,8.5,34.7,-8.0,1246.7,14.7,전라북도
1495,2019,남원,13.3,19.6,8.0,35.4,-10.1,1332.8,14.7,전라북도
1496,2019,장수,11.4,18.0,5.6,33.9,-13.6,1262.8,14.1,전라북도
1497,2019,고창군,13.2,18.9,8.3,34.5,-8.3,1121.7,15.4,전라북도
1498,2019,영광,13.3,18.6,8.6,34.9,-8.9,1205.3,15.8,전라남도
1499,2019,김해,15.5,21.1,11.2,36.6,-5.2,1494.0,16.3,경상남도
1500,2019,순창,13.0,19.5,7.6,36.0,-10.7,1284.2,15.1,전라북도
1501,2019,북창원,14.2,19.8,9.7,34.9,-6.8,1675.3,15.6,경상남도
1502,2019,양산,15.4,21.3,10.6,36.9,-6.0,1536.1,15.7,경상남도
1503,2019,보성,14.3,19.8,9.3,35.1,-8.3,1527.2,15.3,전라남도
1504,2019,강진,14.3,19.8,9.4,35.0,-6.0,1481.6,15.7,전라남도
1505,2019,장흥,14.2,20.0,8.8,34.5,-8.2,1517.4,15.9,전라남도
1506,2019,해남,13.2,19.1,7.8,34.4,-10.0,1222.0,15.6,전라남도
1507,2019,고흥,13.9,19.4,8.7,35.4,-7.5,1676.5,16.1,전라남도
1508,2019,의령,14.0,20.9,8.2,36.1,-10.2,1272.8,16.3,경상남도
1509,2019,함양,13.2,20.0,7.3,35.1,-11.0,1464.6,14.4,경상남도
1510,2019,광양,15.4,20.5,11.2,34.8,-5.6,1566.1,16.5,전라남도
1511,2019,진도,14.2,18.6,9.8,33.3,-5.3,1538.8,16.3,전라남도
1512,2019,봉화,11.0,18.1,4.8,34.5,-15.6,1005.8,12.9,경상북도
1513,2019,영주,12.1,18.1,6.4,36.2,-13.5,996.4,15.6,경상북도
1514,2019,문경,12.9,18.9,7.4,35.5,-10.5,1082.5,15.5,경상북도
1515,2019,청송,11.7,18.5,5.8,35.5,-13.5,982.8,14.0,경상북도
1516,2019,영덕,14.3,19.9,9.6,35.8,-6.0,1455.9,16.8,경상북도
1517,2019,의성,12.9,20.7,6.3,37.6,-13.7,831.3,15.6,경상북도
1518,2019,구미,14.2,19.9,9.1,35.9,-7.5,1133.2,16.6,경상북도
1519,2019,영천,14.1,20.5,8.3,37.2,-10.2,1038.0,15.9,경상북도
1520,2019,경주,14.1,20.5,8.7,37.5,-8.3,1239.8,16.0,경상북도
1521,2019,거창,12.7,19.6,6.7,34.6,-12.0,1232.4,15.0,경상남도
1522,2019,합천,13.8,20.9,8.0,36.6,-10.7,1417.6,17.0,경상남도
1523,2019,밀양,14.3,20.8,8.6,36.6,-9.4,1181.1,17.2,경상남도
1524,2019,산청,13.7,20.2,8.3,36.4,-9.6,1769.9,15.3,경상남도
1525,2019,거제,15.6,20.5,11.5,35.8,-3.4,2268.7,16.1,경상남도
1526,2019,남해,15.2,20.3,10.9,35.2,-5.4,2171.7,16.8,경상남도
1527,2020,속초,13.3,17.5,9.3,35.1,-11.3,2085.8,14.8,강원도
1528,2020,북춘천,11.4,17.8,5.9,35.8,-18.5,1561.4,14.3,강원도
1529,2020,철원,11.0,16.9,5.4,34.9,-18.8,1749.3,13.6,강원도
1530,2020,동두천,11.8,18.0,6.8,35.5,-15.9,1641.9,14.2,경기도
1531,2020,파주,11.2,17.3,5.8,34.4,-17.4,1612.3,13.7,경기도
1532,2020,대관령,7.8,13.1,2.7,31.6,-24.0,1755.8,10.2,강원도
1533,2020,춘천,12.2,18.0,7.1,36.4,-17.2,1550.9,13.8,강원도
1534,2020,백령도,12.1,15.0,9.7,30.5,-10.0,1258.4,14.0,인천광역시
1535,2020,북강릉,13.1,17.5,8.9,35.2,-11.7,1801.7,14.8,강원도
1536,2020,강릉,14.3,18.6,10.4,36.5,-10.3,1812.9,15.8,강원도
1537,2020,동해,12.9,16.9,9.3,32.9,-9.2,1322.4,15.9,강원도
1538,2020,서울,13.2,17.9,9.4,35.4,-12.9,1651.1,14.7,서울특별시
1539,2020,인천,12.8,16.3,9.8,33.9,-11.9,1311.9,13.7,인천광역시
1540,2020,원주,12.8,17.9,8.2,34.5,-14.6,1317.0,14.5,경상북도
1541,2020,울릉도,13.4,16.5,11.0,32.0,-5.5,1462.0,14.8,경상북도
1542,2020,수원,12.9,18.0,8.5,34.9,-12.6,1635.5,14.0,경기도
1543,2020,영월,11.9,18.4,6.7,36.8,-17.4,1344.1,14.3,강원도
1544,2020,충주,12.1,18.1,6.8,34.5,-17.0,1446.5,14.5,충청북도
1545,2020,서산,12.6,18.0,8.0,34.9,-10.5,1488.7,14.5,충청남도
1546,2020,울진,13.4,18.0,9.1,35.0,-11.0,1336.2,16.0,경상북도
1547,2020,청주,13.9,18.9,9.7,36.0,-13.7,1358.6,16.3,충청북도
1548,2020,대전,13.7,19.2,9.2,35.4,-13.2,1614.0,15.6,대전광역시
1549,2020,추풍령,12.0,17.4,7.1,33.6,-13.5,1554.0,14.8,충청북도
1550,2020,안동,12.6,18.6,7.3,35.7,-14.7,1211.8,15.8,경상북도
1551,2020,상주,13.1,18.8,8.2,35.0,-13.0,1563.7,15.3,경상북도
1552,2020,포항,15.1,19.4,11.4,36.9,-10.1,1238.9,17.3,경상북도
1553,2020,군산,13.4,18.2,9.4,34.7,-10.6,1664.8,15.7,전라북도
1554,2020,대구,14.5,20.0,9.8,37.0,-10.3,1244.9,16.9,대구광역시
1555,2020,전주,14.0,19.2,9.7,35.1,-10.0,1780.8,16.1,전라북도
1556,2020,울산,14.6,19.3,10.6,35.5,-8.9,1557.9,15.0,울산광역시
1557,2020,창원,14.4,19.3,10.5,35.8,-9.8,1672.8,15.5,경상남도
1558,2020,광주,14.5,19.6,10.5,34.4,-8.9,2027.0,16.8,광주광역시
1559,2020,부산,15.2,19.4,11.9,33.2,-8.0,2281.6,18.0,부산광역시
1560,2020,통영,15.0,19.3,11.5,35.0,-6.7,2137.7,16.9,경상남도
1561,2020,목포,14.0,17.5,11.0,33.3,-7.5,1427.7,16.3,전라남도
1562,2020,여수,15.1,18.6,12.2,32.6,-7.0,1751.9,17.4,전라남도
1563,2020,흑산도,14.1,17.4,11.8,33.1,-3.3,1187.2,16.4,전라남도
1564,2020,완도,14.9,19.1,11.3,34.0,-5.3,1580.7,16.0,전라남도
1565,2020,고창,13.3,18.6,8.9,34.0,-10.5,1554.7,15.0,전라북도
1566,2020,순천,13.0,18.9,8.0,35.6,-9.3,1906.1,14.2,전라남도
1567,2020,홍성,12.8,18.0,8.0,34.7,-12.6,1609.7,15.1,충청남도
1568,2020,제주,16.7,20.0,14.0,36.3,-1.4,1389.5,17.6,제주도
1569,2020,고산,16.0,19.0,13.6,32.9,-1.4,1228.9,18.0,제주도
1570,2020,성산,16.0,19.5,12.6,33.8,-2.8,2116.2,16.7,제주도
1571,2020,서귀포,16.8,19.9,13.9,31.3,-2.1,2089.6,19.4,제주도
1572,2020,진주,13.7,20.0,8.3,35.7,-9.8,1812.7,16.0,경상남도
1573,2020,강화,11.9,16.6,7.3,34.2,-13.6,1436.9,14.1,인천광역시
1574,2020,양평,12.5,18.1,7.7,35.0,-14.7,1366.4,15.0,경기도
1575,2020,이천,12.5,18.4,7.3,34.8,-15.5,1668.8,14.3,경기도
1576,2020,인제,11.2,17.3,6.2,35.1,-16.7,1429.1,14.1,강원도
1577,2020,홍천,11.6,18.0,6.3,35.7,-18.2,1485.8,13.9,강원도
1578,2020,태백,9.6,15.0,4.9,34.9,-17.1,1530.1,11.9,강원도
1579,2020,정선,11.0,17.4,6.0,36.0,-17.8,1305.4,13.6,강원도
1580,2020,제천,11.0,17.1,5.3,33.9,-20.3,1551.8,13.5,충청북도
1581,2020,보은,11.7,18.0,6.3,33.5,-17.3,1768.8,14.5,충청북도
1582,2020,천안,12.2,18.0,7.0,34.1,-16.0,1443.5,14.1,충청남도
1583,2020,보령,13.1,17.7,9.1,34.5,-8.7,1301.9,15.3,충청남도
1584,2020,부여,12.8,18.9,7.7,34.8,-12.4,1624.8,15.4,충청남도
1585,2020,금산,12.5,18.7,7.2,34.4,-15.4,1758.2,14.9,충청남도
1586,2020,부안,13.5,18.5,9.4,34.5,-11.1,1694.8,16.1,전라북도
1587,2020,임실,12.0,18.0,6.9,32.7,-13.2,1869.8,14.2,전라북도
1588,2020,정읍,13.2,18.5,8.8,34.0,-10.9,1718.9,14.9,전라북도
1589,2020,남원,13.1,19.1,8.1,34.7,-12.3,2007.2,15.3,전라북도
1590,2020,장수,11.2,17.3,6.0,33.2,-13.1,2126.0,13.6,전라북도
1591,2020,고창군,13.3,18.7,8.7,33.7,-11.0,1671.7,15.5,전라북도
1592,2020,영광,13.3,18.4,9.0,34.5,-9.9,1787.9,16.7,전라남도
1593,2020,김해,14.8,20.2,10.6,35.8,-8.9,1702.5,16.3,경상남도
1594,2020,순창,13.0,18.9,8.0,34.8,-12.6,2133.7,15.0,전라북도
1595,2020,북창원,15.2,20.5,10.9,36.9,-7.7,1798.6,16.3,경상남도
1596,2020,양산,15.0,20.7,10.4,37.8,-8.2,1892.5,16.1,경상남도
1597,2020,보성,14.6,19.8,9.8,35.1,-7.6,1716.2,15.6,전라남도
1598,2020,강진,14.2,19.5,9.6,34.3,-7.6,1654.4,15.1,전라남도
1599,2020,장흥,13.7,19.2,8.6,34.4,-9.3,1692.2,15.5,전라남도
1600,2020,해남,13.4,18.8,8.3,34.2,-10.7,-,16.4,전라남도
1601,2020,고흥,13.6,19.0,8.7,34.2,-8.8,1520.2,16.5,전라남도
1602,2020,의령,13.9,20.7,8.3,36.5,-11.3,1747.5,16.3,경상남도
1603,2020,함양,13.0,19.7,7.5,36.3,-10.4,1910.6,14.1,경상남도
1604,2020,광양,15.0,20.0,11.0,35.7,-7.3,1821.0,16.6,전라남도
1605,2020,진도,14.2,18.5,10.1,33.0,-6.3,1515.5,16.8,전라남도
1606,2020,봉화,10.8,16.9,5.3,32.8,-17.7,1297.3,13.2,경상북도
1607,2020,영주,12.0,17.6,6.7,33.5,-14.3,1499.9,15.4,경상북도
1608,2020,문경,12.5,18.0,7.5,34.0,-13.3,1694.4,14.8,경상북도
1609,2020,청송,11.5,18.5,5.7,36.4,-16.3,1285.8,13.9,경상북도
1610,2020,영덕,13.5,18.7,9.1,35.4,-12.6,1308.8,16.3,경상북도
1611,2020,의성,12.3,19.5,6.1,35.9,-15.9,1128.9,15.3,경상북도
1612,2020,구미,13.9,19.6,9.0,35.1,-10.1,1469.5,16.5,경상북도
1613,2020,영천,13.3,19.3,7.9,35.6,-11.3,1234.5,15.6,경상북도
1614,2020,경주,13.9,19.9,8.7,36.9,-10.5,1371.6,15.8,경상북도
1615,2020,거창,12.5,19.1,6.8,36.2,-12.0,1726.7,14.7,경상남도
1616,2020,합천,13.5,20.0,8.1,35.6,-10.6,1733.5,16.3,경상남도
1617,2020,밀양,14.1,20.3,8.7,36.2,-9.9,1398.8,17.1,경상남도
1618,2020,산청,13.3,19.3,8.3,36.2,-9.5,2136.8,15.6,경상남도
1619,2020,거제,14.7,19.1,11.1,34.5,-5.9,2481.8,16.8,경상남도
1620,2020,남해,14.6,19.4,10.6,34.6,-7.4,2258.0,16.6,경상남도
1621,2021,속초,13.2,17.4,9.2,33.8,-16.1,1199.7,15.2,강원도
1622,2021,북춘천,11.6,18.0,6.1,36.6,-22.5,1065.2,14.1,강원도
1623,2021,철원,11.3,17.5,5.6,35.7,-22.4,1115.3,13.4,강원도
1624,2021,동두천,12.1,18.4,6.9,35.7,-20.2,1035.6,14.7,경기도
1625,2021,파주,11.5,17.9,6.1,35.1,-21.7,1037.9,13.8,경기도
1626,2021,대관령,7.9,13.3,2.9,30.6,-24.3,1027.3,10.3,강원도
1627,2021,춘천,12.4,18.4,7.3,36.6,-21.9,1045.9,14.0,강원도
1628,2021,백령도,12.5,15.8,9.7,31.7,-11.9,1119.8,14.5,인천광역시
1629,2021,북강릉,13.1,17.5,8.8,34.1,-16.9,1392.4,14.4,강원도
1630,2021,강릉,14.6,19.2,10.5,36.5,-15.1,1316.4,16.0,강원도
1631,2021,동해,13.5,17.6,9.7,32.2,-12.6,1244.6,15.9,강원도
1632,2021,서울,13.7,18.5,9.6,36.5,-18.6,1186.5,14.8,서울특별시
1633,2021,인천,13.4,17.1,10.0,34.5,-17.5,1071.8,14.5,인천광역시
1634,2021,원주,13.0,18.2,8.2,35.6,-18.4,1113.0,14.5,경상북도
1635,2021,울릉도,13.5,16.7,11.0,32.2,-9.0,1533.0,14.4,경상북도
1636,2021,수원,13.4,18.6,8.7,36.3,-18.6,1084.4,14.3,경기도
1637,2021,영월,12.1,18.5,6.9,36.6,-19.0,1106.4,14.0,강원도
1638,2021,충주,12.4,18.4,7.1,34.9,-19.6,1365.5,14.8,충청북도
1639,2021,서산,13.2,18.8,8.4,35.8,-19.7,1207.3,15.5,충청남도
1640,2021,울진,13.5,18.1,9.1,32.5,-16.1,1158.9,15.5,경상북도
1641,2021,청주,14.4,19.3,9.9,36.4,-16.3,1001.6,16.2,충청북도
1642,2021,대전,14.3,19.7,9.5,36.1,-17.5,1109.5,15.4,대전광역시
1643,2021,추풍령,12.3,17.7,7.2,33.7,-17.4,1129.1,14.4,충청북도
1644,2021,안동,12.7,18.7,7.5,36.0,-15.8,974.0,15.1,경상북도
1645,2021,상주,13.2,19.0,8.2,34.7,-16.3,1230.8,15.6,경상북도
1646,2021,포항,15.2,19.2,11.5,35.3,-12.6,1405.7,16.9,경상북도
1647,2021,군산,13.9,18.9,9.8,34.4,-16.8,1151.7,16.5,전라북도
1648,2021,대구,14.6,20.2,9.8,37.2,-13.6,910.0,16.4,대구광역시
1649,2021,전주,14.6,19.9,10.1,36.3,-16.5,1496.6,16.0,전라북도
1650,2021,울산,14.9,19.6,10.8,34.2,-12.2,1337.0,15.1,울산광역시
1651,2021,창원,14.9,19.9,10.8,35.5,-14.0,1710.6,15.7,경상남도
1652,2021,광주,15.1,20.3,10.8,35.1,-13.5,1303.8,17.2,광주광역시
1653,2021,부산,15.7,19.9,12.4,35.6,-12.2,1807.8,18.4,부산광역시
1654,2021,통영,15.6,20.1,11.9,36.2,-10.9,1800.1,18.2,경상남도
1655,2021,목포,15.1,18.9,11.8,33.6,-12.8,1101.0,16.5,전라남도
1656,2021,여수,15.7,19.2,12.7,34.1,-10.9,1571.2,17.3,전라남도
1657,2021,흑산도,15.3,18.7,12.8,32.8,-5.9,919.5,16.8,전라남도
1658,2021,완도,15.6,19.9,11.9,34.1,-10.2,1607.2,16.6,전라남도
1659,2021,고창,14.0,19.6,9.2,35.0,-17.0,1255.8,16.0,전라북도
1660,2021,순천,13.5,19.8,8.2,34.9,-16.2,1320.9,14.6,전라남도
1661,2021,홍성,13.3,18.7,8.3,34.8,-21.1,1242.8,15.7,충청남도
1662,2021,제주,17.5,21.0,14.6,34.2,-3.1,1627.7,18.7,제주도
1663,2021,고산,17.0,20.3,14.3,34.2,-2.8,1387.9,18.4,제주도
1664,2021,성산,16.7,20.4,13.3,32.2,-4.6,2086.3,17.5,제주도
1665,2021,서귀포,17.5,20.7,14.7,32.9,-3.4,2136.2,19.1,제주도
1666,2021,진주,14.1,20.5,8.5,37.5,-15.4,1395.0,16.1,경상남도
1667,2021,강화,12.3,17.3,7.6,34.8,-18.0,1013.6,14.5,인천광역시
1668,2021,양평,12.7,18.3,7.9,34.9,-20.3,1018.9,15.0,경기도
1669,2021,이천,12.7,18.8,7.3,36.0,-21.4,1076.6,14.6,경기도
1670,2021,인제,11.4,17.6,6.3,36.8,-19.9,923.0,14.3,강원도
1671,2021,홍천,11.8,18.2,6.5,36.9,-21.5,950.3,13.6,강원도
1672,2021,태백,9.5,14.9,4.8,32.5,-18.6,1207.4,10.7,강원도
1673,2021,정선,11.4,17.8,6.3,35.2,-18.9,1112.1,13.6,강원도
1674,2021,제천,11.2,17.4,5.6,34.0,-20.7,1162.2,13.6,충청북도
1675,2021,보은,12.1,18.4,6.7,34.2,-20.3,1097.7,14.6,충청북도
1676,2021,천안,12.5,18.5,7.2,34.6,-20.5,1058.9,14.6,충청남도
1677,2021,보령,13.8,18.5,9.6,34.5,-17.2,1107.9,15.9,충청남도
1678,2021,부여,13.3,19.5,8.1,34.9,-21.2,1123.4,15.9,충청남도
1679,2021,금산,12.9,19.2,7.5,35.1,-21.1,1290.1,15.3,충청남도
1680,2021,세종,13.5,18.9,8.8,34.8,-19.1,1104.6,16.2,세종특별자치시
1681,2021,부안,14.0,19.3,9.6,35.0,-18.6,1354.0,16.5,전라북도
1682,2021,임실,12.5,18.7,7.2,33.6,-22.8,1259.2,14.9,전라북도
1683,2021,정읍,13.8,19.2,9.1,34.8,-17.6,1354.6,16.3,전라북도
1684,2021,남원,13.4,19.6,8.3,34.8,-19.7,1136.8,15.3,전라북도
1685,2021,장수,11.6,17.9,6.0,33.1,-24.1,1345.2,13.9,전라북도
1686,2021,고창군,14.0,19.6,9.1,35.2,-18.1,1174.6,15.8,전라북도
1687,2021,영광,14.0,19.4,9.4,35.5,-17.4,1202.6,18.0,전라남도
1688,2021,김해,15.1,20.6,10.7,37.5,-13.9,1552.6,16.6,경상남도
1689,2021,순창,13.6,19.8,8.4,35.2,-21.5,1232.6,-,전라북도
1690,2021,북창원,15.8,21.3,11.3,37.4,-11.7,1555.8,16.1,경상남도
1691,2021,양산,15.4,21.1,10.7,37.8,-10.9,1708.2,16.3,경상남도
1692,2021,보성,15.0,20.5,10.0,35.1,-11.9,1708.3,15.7,전라남도
1693,2021,강진,14.8,20.5,10.0,35.2,-14.3,1494.8,16.1,전라남도
1694,2021,장흥,14.2,20.0,9.0,34.5,-15.3,1475.5,15.3,전라남도
1695,2021,해남,13.9,19.7,8.7,34.8,-17.1,1387.9,16.7,전라남도
1696,2021,고흥,14.3,19.9,9.4,34.6,-14.1,1339.8,17.5,전라남도
1697,2021,의령,14.3,21.4,8.4,38.3,-16.3,1205.5,16.3,경상남도
1698,2021,함양,13.3,20.1,7.7,36.2,-15.9,1014.9,15.0,경상남도
1699,2021,광양,15.5,20.6,11.3,36.5,-11.8,1423.0,16.9,전라남도
1700,2021,진도,-,-,-,33.3,-13.7,1549.1,-,전라남도
1701,2021,봉화,10.0,16.1,4.6,31.2,-19.2,1129.1,13.2,경상북도
1702,2021,영주,12.0,17.8,6.6,34.4,-17.0,1346.5,15.5,경상북도
1703,2021,문경,12.5,18.2,7.5,34.7,-16.7,1367.3,14.8,경상북도
1704,2021,청송,11.5,18.6,5.7,36.4,-17.7,987.7,14.1,경상북도
1705,2021,영덕,13.5,18.7,8.9,34.6,-14.6,1287.0,15.7,경상북도
1706,2021,의성,12.4,19.7,6.3,37.0,-21.6,961.7,15.2,경상북도
1707,2021,구미,13.9,20.0,8.9,35.6,-13.8,1098.0,16.5,경상북도
1708,2021,영천,13.3,19.4,7.9,36.4,-13.6,1094.2,15.3,경상북도
1709,2021,경주,13.9,20.0,8.6,36.6,-12.8,1112.1,15.3,경상북도
1710,2021,거창,12.8,19.6,7.0,35.4,-17.4,1080.2,15.0,경상남도
1711,2021,합천,13.9,20.4,8.5,36.6,-16.6,1146.4,16.8,경상남도
1712,2021,밀양,14.5,21.0,9.1,37.8,-14.2,1202.5,16.4,경상남도
1713,2021,산청,13.6,19.9,8.3,36.3,-14.5,1142.8,15.7,경상남도
1714,2021,거제,15.2,19.5,11.3,34.0,-9.9,2227.9,17.0,경상남도
1715,2021,남해,15.1,19.9,11.0,35.5,-11.5,1981.4,17.1,경상남도
