시도명,시군명,코드,최근1개월강수량(mm),최근1개월평년강수량(mm),최근1개월평년비(%),최근1개월부족량(mm),금년강수량(mm),금년평년강수량(mm),금년평년비(%),금년부족량(mm),최근1년강수량(mm),최근1년평년강수량(mm),최근1년평년비(%),최근1년부족량(mm),홍수기이후강수량(mm),홍수기이후평년강수량(mm),홍수기이후평년비(%),홍수기이후부족량(mm)
서울특별시,서울특별시,11000,244.5,383.613242625456,63.7360687359585,139.113242625456,677.1,731.510473824817,92.5619009198429,54.4104738248167,1105.1,1298.97017539123,85.0750864751115,193.870175391235,794.1,846.133634049469,93.850423626296,52.0336340494694
부산광역시,부산광역시,26000,134.7,296.588152016489,45.4165141406294,161.888152016489,527,894.063134759353,58.9443831773522,367.063134759353,1198.2,1442.75392797328,83.0495053084474,244.553927973277,612.9,1041.98092151677,58.8206547110118,429.080921516774
부산광역시,기장군,26710,140.6,279.01437258573,50.3916693240594,138.41437258573,610.7,892.434939090295,68.430758730997,281.734939090295,1335.8,1496.69865575874,89.249762793622,160.898655758735,710.3,1053.6013979108,67.4163873936066,343.301397910801
대구광역시,대구광역시,27000,98.2,227.600732612679,43.1457310671808,129.400732612679,273.6,600.677557702412,45.5485636997191,327.077557702412,765.8,1087.30804521883,70.4308225592015,321.508045218834,373,699.905743424875,53.2928902933108,326.905743424875
대구광역시,달성군,27710,97.2,236.448970738931,41.1082356147453,139.248970738931,265.1,627.369645333347,42.2557900229842,362.269645333347,773.8,1112.70747611453,69.5420869015848,338.907476114533,354.9,726.150962513959,48.8741347627392,371.250962513959
인천광역시,인천광역시,28000,191.1,345.494344233045,55.3120487179663,154.394344233045,510,681.490157545562,74.8360037710307,171.490157545562,982.6,1208.41832137949,81.3129015520303,225.818321379489,631.6,800.637815364644,78.8871057398586,169.037815364644
인천광역시,강화군,28710,216.3,350.338644326508,61.7402628864468,134.038644326508,513.6,700.263947053742,73.3437730388516,186.663947053742,910.2,1247.61068173625,72.955451033275,337.410681736253,617.7,821.254568963555,75.2141934235512,203.554568963555
인천광역시,옹진군,28720,220.1,327.173333333333,67.2732089004809,107.073333333333,485.3,666.943333333333,72.7648026069181,181.643333333333,922.8,1190.22666666667,77.5314505920441,267.426666666667,623.9,789.756666666667,78.9990165747255,165.856666666667
광주광역시,광주광역시,29000,182.6,283.388233056913,64.4345737401624,100.788233056913,437.8,744.316472625297,58.8190663651209,306.516472625297,1011.9,1331.92605584527,75.9726859880242,320.026055845266,556.9,885.045358107632,62.9233287196422,328.145358107632
대전광역시,대전광역시,30000,175.9,297.006765946967,59.2242400401775,121.106765946967,414.8,725.634353828657,57.1637764683266,310.834353828657,915.1,1290.38347235642,70.9169033550082,375.283472356418,509.1,856.576951903707,59.4342398389947,347.476951903707
울산광역시,울산광역시,31000,117.2,224.376677391119,52.2335927970376,107.176677391119,430.9,709.923546198321,60.6966767488545,279.023546198321,1122,1251.53254986125,89.6500854192241,129.532549861246,532.6,848.014343363944,62.8055414590344,315.414343363944
울산광역시,울주군,31710,124.3,260.34195690686,47.7448973176726,136.04195690686,490.6,791.108164141645,62.0142759533145,300.508164141646,1223.6,1394.582237366,87.7395371327158,170.982237365999,615.7,938.882786067558,65.5779410525582,323.182786067558
세종특별자치시,세종시,36110,148.4,286.933197652286,51.7193553113487,138.533197652286,404.7,701.636264461347,57.6794587877655,296.936264461347,902.5,1274.11515307805,70.8334719840441,371.615153078049,491.1,833.051214322291,58.9519577616273,341.951214322291
경기도,수원시,41110,195.7,373.63398257602,52.3774627379304,177.93398257602,624.6,739.469602746544,84.465946629869,114.869602746544,1083.1,1289.86769127275,83.9698526700267,206.767691272746,771.4,862.351815248239,89.4530499455077,90.9518152482393
경기도,성남시,41130,258.2,379.99948565858,67.9474603899823,121.79948565858,738.5,744.233934236656,99.2295521645977,5.7339342366555,1041.9,1309.18837742056,79.5836579341479,267.288377420561,828.1,862.942930179046,95.9623135017959,34.8429301790458
경기도,의정부시,41150,228.8,416.132392666511,54.9825017307318,187.332392666511,738.5,766.37679613588,96.3625208544365,27.8767961358803,1163.5,1361.08055062166,85.4835519814449,197.580550621657,872.6,882.185581500356,98.9134280018436,9.58558150035628
경기도,안양시,41170,283.1,355.570386723422,79.6185538983614,72.4703867234223,721.7,686.524249044056,105.123744864792,-,1143.9,1208.17534893426,94.6799652061301,64.2753489342622,852.6,794.955459661563,107.251291835014,-
경기도,부천시,41190,220,372.034864384802,59.1342427983981,152.034864384802,631.6,711.088936039499,88.8215197831339,79.4889360394988,1105.6,1237.1204357977,89.3688252176598,131.520435797702,749.5,824.924334706684,90.8568178276008,75.424334706684
경기도,광명시,41210,251.8,344.66,73.0575059478907,92.86,696.9,651.093333333333,107.035345674967,-,1133.5,1149.27666666667,98.6272525037487,15.7766666666666,809.2,749.673333333333,107.940347351291,-
경기도,평택시,41220,164.3,306.988197047907,53.5199729435722,142.688197047907,513.3,635.084461129742,80.8238953110109,121.784461129742,999.2,1155.76633055956,86.4534615328553,156.566330559558,680.5,745.286712824858,91.307142377556,64.7867128248575
경기도,동두천시,41250,287,381.46978329244,75.235316811445,94.46978329244,767.9,725.794051121728,105.801363184666,-,1154.9,1274.43642022671,90.620448511237,119.536420226712,906.3,838.32275631559,108.108719842363,-
경기도,안산시,41270,198.7,349.943893366996,56.780530755431,151.243893366996,615.6,684.832685617826,89.890569321269,69.232685617826,1064.8,1208.36166079353,88.1193134926798,143.561660793527,750.5,804.148620888333,93.3285191947395,53.6486208883325
경기도,고양시,41280,203.2,383.945988314597,52.9241107302579,180.745988314597,710.5,726.759777022979,97.7627026787883,16.2597770229794,1132.8,1286.45448500054,88.055971914119,153.654485000541,822.5,838.308472363689,98.1142416085674,15.8084723636889
경기도,과천시,41290,302,374.233828092365,80.6982098703976,72.2338280923652,724.2,730.301721269052,99.1644931004066,6.10172126905206,1184.4,1290.56139101841,91.7740146453138,106.161391018408,863.8,845.838948264896,102.123460000506,-
경기도,구리시,41310,234.6,398.220766044458,58.9120457806083,163.620766044458,710,733.716092608091,96.7676744660474,23.716092608091,1097.1,1292.60882169094,84.8748655888654,195.508821690937,820.4,843.267595436032,97.2882160348866,22.8675954360319
경기도,남양주시,41360,188.2,416.52436556187,45.183431165216,228.32436556187,581.6,768.094949003912,75.7198053123818,186.494949003912,995.6,1342.34465216042,74.1687314355252,346.744652160425,702,882.672372864955,79.5312079069005,180.672372864955
경기도,오산시,41370,212.5,347.055393169186,61.2294187563333,134.555393169186,709.1,685.60209319764,103.427338836258,-,1161.5,1218.7449561257,95.3029585199126,57.2449561256972,851.1,793.64219905218,107.239761320207,-
경기도,시흥시,41390,225,352.265263359084,63.8723210612579,127.265263359084,580.1,683.902321723147,84.8220544914062,103.802321723147,1039.5,1201.56820877283,86.5119426771159,162.068208772831,710.4,797.870371797864,89.0370196851947,87.4703717978634
경기도,군포시,41410,246.9,376.418034642892,65.5919688423627,129.518034642892,678.5,732.161150581374,92.6708552428978,53.6611505813742,1075.5,1279.70485296596,84.0428163968685,204.204852965962,813,852.061404820721,95.4156584725323,39.0614048207208
경기도,의왕시,41430,126.3,378.291016502035,33.3869942690856,251.991016502035,439.5,738.349270966297,59.5246744707711,298.849270966297,853.6,1289.48978140758,66.1967246509101,435.889781407583,573.8,855.468446308232,67.0743617109702,281.668446308232
경기도,하남시,41450,225.6,383.882740850264,58.7679455190711,158.282740850264,749.3,732.521133929678,102.290564093395,-,1119.9,1311.39135114251,85.397848554081,191.491351142514,843.9,855.736475087571,98.6168083946217,11.8364750875711
경기도,용인시,41460,206.3,360.962566268779,57.1527408319635,154.662566268779,618.5,741.036759981392,83.4641455594633,122.536759981392,1071.2,1298.82888353654,82.4742976983438,227.628883536538,759.2,858.847786038065,88.3975032994206,99.6477860380653
경기도,파주시,41480,227.9,364.419765101647,62.5377714999712,136.519765101647,727.8,688.002870895035,105.784442302282,-,1136.8,1227.7585893209,92.5914923249522,90.9585893208971,857.5,798.493164532441,107.389773399264,-
경기도,이천시,41500,215.3,346.793484479337,62.083057968417,131.493484479337,567.9,724.925194598379,78.3391175022723,157.025194598379,1024.6,1283.19897636346,79.8473205537993,258.598976363457,673.3,839.256728549335,80.2257494156534,165.956728549335
경기도,안성시,41550,162.6,317.281693266417,51.2478354253699,154.681693266417,483.6,674.486236918329,71.6990167522955,190.886236918329,985,1224.81605409697,80.420239162053,239.816054096966,621.7,793.590178460901,78.3401832424052,171.890178460901
경기도,김포시,41570,198.5,360.723150124718,55.0283506704158,162.223150124718,663.3,695.124845338471,95.4217079777987,31.8248453384705,1114.7,1230.05080653644,90.6222730050283,115.350806536435,781,809.211105018731,96.5137521168747,28.2111050187308
경기도,화성시,41590,197.4,335.701438508764,58.8022502604934,138.301438508764,633.6,678.026002492268,93.4477435483347,44.426002492268,1108.2,1197.28743803426,92.5592271993997,89.0874380342575,790.7,792.730286673379,99.7438868291637,2.03028667337867
경기도,광주시,41610,194.9,395.590963922487,49.2680616532458,200.690963922487,695.3,753.722182387622,92.2488439702606,58.4221823876217,1013.9,1319.21650011225,76.8562248814908,305.316500112246,785.2,862.930176344971,90.9922982790791,77.7301763449714
경기도,양주시,41630,243.5,377.595774069261,64.4869505227396,134.095774069261,803.8,717.363224863029,112.049234215132,-,1192.3,1278.26499712571,93.2748688793787,85.9649971257102,930.1,829.282370910031,112.157213589303,-
경기도,포천시,41650,267.3,395.944910207193,67.5093916121122,128.644910207193,784.2,755.265909507184,103.830980602805,-,1210.9,1315.89880286926,92.0207539789297,104.998802869256,947.7,869.292011651619,109.019752545455,-
경기도,여주시,41670,204.1,355.008129135021,57.4916412470021,150.908129135021,600.6,720.088464030911,83.40641879443,119.488464030911,1018.7,1265.06716683014,80.525368668965,246.367166830138,697.3,828.00672489007,84.2142918697402,130.70672489007
경기도,연천군,41800,230.7,379.296116975744,60.8231905560882,148.596116975744,723.7,713.207363552936,101.471190145148,-,1173.5,1267.75718051026,92.565044634784,94.2571805102584,892.2,823.753446877419,108.309106733579,-
경기도,가평군,41820,263.7,424.717586511372,62.0883166543751,161.017586511372,766.3,792.228415672152,96.7271540430479,25.9284156721518,1147.2,1378.52369073928,83.2194620742991,231.323690739276,898.8,905.715671056262,99.2364412721051,6.91567105626177
경기도,양평군,41830,225.7,407.92223873091,55.3291727124701,182.22223873091,688.9,787.79131038105,87.4470168586631,98.8913103810502,1100.8,1368.62315132065,80.4311982402011,267.823151320651,788,900.262310505884,87.5300443886404,112.262310505884
강원도,춘천시,42110,207.5,383.145842663077,54.1569232639351,175.645842663077,625.6,732.904677237412,85.358985885875,107.304677237412,997.4,1269.24175765659,78.5823499725936,271.84175765659,741.9,839.300272375529,88.3950624607984,97.4002723755291
강원도,원주시,42130,256.4,349.610303620578,73.3387996133729,93.2103036205779,594.3,717.335839800198,82.8482235274251,123.035839800198,1074.6,1257.8726886418,85.429949286864,183.272688641797,705.8,825.555501405457,85.4939490801551,119.755501405457
강원도,강릉시,42150,198.4,270.499019573796,73.3459220342474,72.0990195737958,523.3,689.388759240901,75.9078231238083,166.088759240901,1174.9,1379.97723473087,85.139085662463,205.077234730867,680,875.102701448325,77.7051652194167,195.102701448325
강원도,동해시,42170,159.2,228.760495923864,69.5924352485165,69.5604959238636,463.6,617.186291204561,75.1150838258563,153.586291204561,1203.6,1241.41564162355,96.953829132192,37.8156416235481,642.4,785.250700073757,81.8082683580748,142.850700073757
강원도,태백시,42190,170.2,273.953034353522,62.1274374279666,103.753034353522,478.9,682.111311264752,70.2084824120621,203.211311264752,1040.5,1262.32390417159,82.4273387013802,221.823904171588,601.8,807.190539641953,74.5548876560101,205.390539641953
강원도,속초시,42210,260.4,319.198866522101,81.5792370559593,58.7988665221012,781.8,768.645188076845,101.711428384281,-,1558,1558.0460472024,99.9970445544611,0.0460472023955845,1071.8,986.140598089193,108.686327494962,-
강원도,삼척시,42230,129.7,239.260085907872,54.2087910350168,109.560085907872,424.5,627.8513529319,67.6115449967093,203.3513529319,1155.6,1225.94317591559,94.2621177475817,70.3431759155935,629.5,771.978088893742,81.543765173709,142.478088893742
강원도,홍천군,42720,230.6,376.79671227291,61.2001093663946,146.19671227291,611.4,751.065768390874,81.4043224616532,139.665768390874,1000.6,1301.83452720195,76.8607667942718,301.234527201948,719.6,863.849799758089,83.3015184122883,144.249799758089
강원도,횡성군,42730,272.2,378.237825380111,71.9653037679274,106.037825380111,617.8,764.751757816539,80.7843844339627,146.951757816539,1045.3,1308.7400868047,79.8707100469514,263.440086804697,727.4,871.779331884783,83.4385461315497,144.379331884783
강원도,영월군,42750,231.9,304.525284207272,76.1513122313218,72.6252842072722,491,665.175840065557,73.8150682008549,174.175840065557,931.4,1161.1356400041,80.2145733806524,229.735640004104,584.2,760.998750856716,76.7675373109772,176.798750856716
강원도,평창군,42760,237.5,340.319642973982,69.7873322634384,102.819642973982,550.1,747.054162153673,73.6358925320921,196.954162153673,972.8,1289.04840654784,75.4665220529016,316.248406547837,648.2,861.156098387916,75.2709063099513,212.956098387916
강원도,정선군,42770,213.6,284.229701534709,75.1504852753454,70.6297015347094,478,649.486090491798,73.5966492581933,171.486090491798,932.7,1160.64221404437,80.3606821046008,227.942214044374,571.1,753.293530457319,75.8137401834965,182.193530457319
강원도,철원군,42780,268.8,385.112273133651,69.7978274784078,116.312273133651,733,772.477514850934,94.8894933390323,39.4775148509344,1248.2,1347.30984520967,92.6438713736075,99.1098452096733,967.4,896.355892674905,107.925881662147,-
강원도,화천군,42790,204.2,360.78055272924,56.5995030650249,156.58055272924,686.6,711.586698662152,96.4885939114475,24.9866986621525,1105.4,1251.85431457458,88.3010097205799,146.454314574582,847.1,822.15935732044,103.033553344311,-
강원도,양구군,42800,173.9,330.374984857069,52.6371571610468,156.474984857069,577.8,656.236394315627,88.0475397288159,78.4363943156266,962.2,1162.25998637323,82.7869849501136,200.059986373232,741.6,754.534647293063,98.285745082818,12.934647293063
강원도,인제군,42810,210.9,330.008217196463,63.9074995743046,119.108217196463,586.9,697.351083078835,84.1613377022103,110.451083078835,1049.2,1257.45578024865,83.438321766872,208.255780248651,740.1,813.139601183417,91.0175815964298,73.0396011834166
강원도,고성군,42820,244.1,302.797271371265,80.6149932905784,58.6972713712651,795.9,702.825803900761,113.242854144322,-,1626.5,1390.93230895537,116.935956518369,-,1112,881.0736694945,126.209650622971,-
강원도,양양군,42830,229.3,315.408197922857,72.6994420278455,86.1081979228573,616.4,741.340166277865,83.1467156426763,124.940166277865,1222.3,1427.10101579908,85.6491577308275,204.801015799085,793.7,909.871140362551,87.2321326384458,116.171140362551
충청북도,청주시,43110,142.8,287.605966136765,49.6512648600948,144.805966136765,403.4,675.071011373778,59.7566764389832,271.671011373778,902.8,1210.54902782049,74.5777311989937,307.749027820494,495,799.666618103673,61.9007957558416,304.666618103673
충청북도,충주시,43130,295,309.768376961167,95.2324452527901,14.7683769611673,633,682.431257930565,92.7565952825106,49.4312579305647,1139.1,1207.28656170091,94.3520814474368,68.186561700908,725,794.064709682513,91.3023826848914,69.0647096825127
충청북도,제천시,43150,303.3,316.887468467137,95.7122102262792,13.5874684671367,621.5,692.882137598907,89.6977950901905,71.3821375989074,1114,1215.59841253649,91.6421071721793,101.598412536489,717.6,801.558720095493,89.5255683718979,83.9587200954927
충청북도,보은군,43720,166.4,285.422375534985,58.299563826454,119.022375534985,400.1,684.576560277455,58.4448874261546,284.476560277455,887,1201.78858970945,73.8066584751352,314.788589709454,487.2,806.22025533244,60.4301364022547,319.02025533244
충청북도,옥천군,43730,158.8,281.191012853559,56.4740666454731,122.391012853559,387,678.953608510125,56.9994761275694,291.953608510125,894,1193.34861860586,74.9152415364105,299.348618605863,471.6,800.016077461873,58.9488153158366,328.416077461873
충청북도,영동군,43740,171.6,257.416997353216,66.6622646384683,85.8169973532164,373.6,635.542381916347,58.7844352525297,261.942381916347,920.7,1134.15006599498,81.1797334061147,213.450065994981,457.4,752.968834474857,60.7462060921824,295.568834474857
충청북도,증평군,43745,165.3,298.197828495295,55.4329992388284,132.897828495295,482.1,685.223517738522,70.3566044538429,203.123517738522,1032.6,1220.80614813256,84.5834534483257,188.206148132558,573.5,806.714612093546,71.0908159344829,233.214612093546
충청북도,진천군,43750,135.9,297.250422762445,45.7190266500001,161.350422762445,473.2,676.941313850921,69.9026622127852,203.741313850921,1002.7,1226.19270172857,81.7734438140503,223.492701728574,578.1,799.819797419999,72.2787810285259,221.719797419999
충청북도,괴산군,43760,206.9,299.47688355923,69.0871353878904,92.5768835592299,489.5,678.849678747966,72.1072743089173,189.349678747966,1042.7,1203.72544418761,86.6227431707828,161.025444187613,590.9,798.488573871475,74.0023112835565,207.588573871475
충청북도,음성군,43770,195.5,309.516105593201,63.1631105674826,114.016105593201,544.3,679.226896509459,80.1352247381771,134.926896509459,1035.8,1212.19975711043,85.4479630048004,176.399757110429,646.8,793.558658325373,81.5062621035382,146.758658325373
충청북도,단양군,43800,210.3,275.440338546925,76.3504725231713,65.1403385469251,432,632.328202278337,68.3189518423288,200.328202278336,919.4,1122.95500297317,81.8732716418531,203.555002973166,524.8,729.293710328055,71.9600337378382,204.493710328055
충청남도,천안시,44130,127.9,275.882131201783,46.3603784133641,147.982131201783,371.2,630.892707972925,58.8372627086903,259.692707972925,913.6,1193.20878415684,76.5666505418478,279.608784156841,495.4,757.347985631946,65.412466844634,261.947985631946
충청남도,공주시,44150,181.9,283.603304914656,64.1388858478707,101.703304914656,428.6,706.768596659706,60.6421963320991,278.168596659706,988.3,1286.11659415376,76.8437328693582,297.816594153756,545.9,844.410045237476,64.6486861541865,298.510045237476
충청남도,보령시,44180,134.2,266.439289018525,50.367947045028,132.239289018525,414.9,672.897064015636,61.6587621179395,257.997064015636,1002.6,1236.7662678635,81.0662472006117,234.166267863495,582.6,820.351291374888,71.0183559318322,237.751291374888
충청남도,아산시,44200,144.8,271.475913862466,53.3380652227432,126.675913862466,393,611.806192506544,64.2360284700447,218.806192506544,970.9,1157.34929211185,83.8899722510197,186.449292111846,527.9,733.353027438505,71.98443045144,205.453027438505
충청남도,서산시,44210,162.8,270.205479415684,60.2504436076029,107.405479415684,456.9,663.44936091907,68.8673509862246,206.54936091907,1012.8,1219.97953910821,83.0177857524024,207.179539108209,630.3,797.323976532202,79.051931028258,167.023976532202
충청남도,논산시,44230,176.3,287.68180453361,61.2829860010847,111.38180453361,438.9,720.853580081765,60.8861511030043,281.953580081765,930.7,1260.19235995687,73.8538043534759,329.492359956874,540.1,849.269341333715,63.5958433577518,309.169341333715
충청남도,계룡시,44250,231.4,308.080705483611,75.1101889476522,76.680705483611,516.8,753.433013094067,68.592693845163,236.633013094067,1021.3,1319.81322492255,77.3821614084776,298.513224922548,625.1,887.970909512013,70.3964503007791,262.870909512013
충청남도,당진시,44270,164.4,272.709184924007,60.2839981520283,108.309184924007,584.9,634.257603128319,92.218051011943,49.3576031283191,1118.2,1175.31413379333,95.1405218272158,57.1141337933345,754.6,759.021435201168,99.4174821689988,4.42143520116781
충청남도,금산군,44710,182.3,294.776327495849,61.8435006462881,112.476327495849,401.6,722.849321478787,55.5579133945117,321.249321478788,916.1,1269.07420483641,72.1864802317126,352.974204836412,496.8,853.906110499794,58.1796984342016,357.106110499794
충청남도,부여군,44760,166.9,289.569371352233,57.6373113014712,122.669371352233,442.7,734.871299857992,60.2418409979473,292.171299857992,955.7,1303.8770955507,73.2967856603349,348.177095550705,581.5,882.759806721747,65.8729583712564,301.259806721747
충청남도,서천군,44770,142.9,266.476965585822,53.6256481628155,123.576965585822,431.6,678.866031812538,63.5766086053311,247.266031812538,919.2,1213.79449587125,75.7294585802357,294.594495871251,581.3,822.609800956006,70.6653384538374,241.309800956006
충청남도,청양군,44790,150.7,274.823726245156,54.835149082277,124.123726245156,414.9,685.96874473418,60.4838053023506,271.06874473418,1013.3,1269.026759522,79.8485920329746,255.726759522001,562.6,830.000054166456,67.78312810654,267.400054166456
충청남도,홍성군,44800,130.5,260.994055036824,50.0011389077761,130.494055036824,387.7,644.461294274455,60.1587718990136,256.761294274455,1052.4,1206.92941716932,87.196482663274,154.52941716932,546.7,776.130595113477,70.4391765306028,229.430595113477
충청남도,예산군,44810,140.8,266.757128520961,52.7820946269243,125.957128520961,396.4,641.270275089706,61.814809667351,244.870275089706,978.3,1209.60117190445,80.8778978330289,231.301171904448,548.3,771.320305476501,71.0859024593259,223.020305476501
충청남도,태안군,44825,120.8,262.180487646752,46.0751298024739,141.380487646752,418.4,649.841673957275,64.3849135516521,231.441673957275,917.2,1191.25203724164,76.9946217362856,274.052037241645,569.3,783.178585978656,72.6909558295194,213.878585978656
전라북도,전주시,45110,150.8,284.590689206884,52.9883814611993,133.790689206884,428.5,700.344351699384,61.184187315889,271.844351699384,1143.7,1229.70630683005,93.0059473264182,86.0063068300517,553.9,833.20060964113,66.4785879403727,279.30060964113
전라북도,군산시,45130,141.5,270.536107317341,52.3035543769466,129.036107317341,392.6,687.282358706463,57.1235380955964,294.682358706463,876.4,1221.98577307892,71.7193292514217,345.585773078917,520.9,823.464228965631,63.2571496948098,302.564228965631
전라북도,익산시,45140,151,271.854518400496,55.5444143023391,120.854518400496,424.4,691.173219735786,61.4028419912211,266.773219735786,946.2,1213.78100055793,77.954754569817,267.581000557926,540.6,818.507040092125,66.0470800518899,277.907040092124
전라북도,정읍시,45180,114.4,274.646225418694,41.653585380829,160.246225418694,410,687.553893147933,59.6316891062655,277.553893147933,1088.8,1251.45599813102,87.0026594323781,162.65599813102,561.7,834.027744692123,67.3478794410309,272.327744692123
전라북도,남원시,45190,181.3,316.807106995082,57.2272515347373,135.507106995082,395.6,777.847268484362,50.8583131969889,382.247268484362,897,1389.20352005171,64.5693728134673,492.203520051711,519.6,918.301317455882,56.5827348957237,398.701317455882
전라북도,김제시,45210,125.8,263.544188520236,47.7339305815656,137.744188520236,345,659.461406124048,52.3154193401128,314.461406124048,1007,1167.09512059409,86.2825987557385,160.095120594089,465.6,788.638464343366,59.0384594527312,323.038464343366
전라북도,완주군,45710,147.1,301.679003324883,48.7604368811791,154.579003324883,428.3,733.505512996933,58.3908358439006,305.205512996933,1069.5,1277.12556554245,83.7427445550926,207.625565542455,552.9,863.552878742335,64.0261892016659,310.652878742335
전라북도,진안군,45720,165,322.98079252472,51.0866292420072,157.98079252472,445.1,789.357684610212,56.3876185255347,344.257684610212,1071.7,1375.29447247113,77.9251295960179,303.594472471132,576.2,933.154708852167,61.7475317365926,356.954708852167
전라북도,무주군,45730,158.6,276.338022430347,57.3934772367332,117.738022430347,381.4,679.618657675574,56.119707087569,298.218657675573,1025.9,1228.44690428203,83.5119528914106,202.54690428203,487.1,811.987999885521,59.9885712681313,324.887999885521
전라북도,장수군,45740,150.6,314.318840712913,47.91313166542,163.718840712913,383.5,764.381418751613,50.1712876048625,380.881418751613,992.2,1344.35179437809,73.8050861500131,352.151794378095,513.4,901.588496948114,56.9439385859363,388.188496948114
전라북도,임실군,45750,143,301.41168839663,47.4434156023257,158.41168839663,413.9,726.726672571107,56.9540125086714,312.826672571107,1019.3,1298.10041794257,78.522430615618,278.800417942568,546.8,859.418816502977,63.6243923800691,312.618816502977
전라북도,순창군,45770,182.4,306.149543696791,59.578726722078,123.749543696791,477.7,770.466425517003,62.0014038482535,292.766425517003,1051.3,1377.62575405431,76.3124525587635,326.325754054307,610.1,920.765221187962,66.2601047434062,310.665221187963
전라북도,고창군,45790,103.4,279.395128849323,37.0085192343362,175.995128849323,368.7,713.24517013083,51.6933048326664,344.54517013083,988.1,1282.16095018111,77.0652077541768,294.06095018111,512.1,861.219891425394,59.4621658299636,349.119891425394
전라북도,부안군,45800,119.3,271.201386700499,43.9894505892585,151.901386700499,385.5,687.423802593609,56.0789426472478,301.923802593609,1133.6,1236.55173301552,91.6742882431248,102.951733015517,562.1,836.266053082682,67.2154511029069,274.166053082682
전라남도,목포시,46110,188.9,214.65287417753,88.0025486375593,25.7528741775302,383.1,659.210230023873,58.1149961805244,276.110230023873,700.6,1138.63609256556,61.5297551671154,438.036092565562,474.4,799.687104793303,59.3232024321087,325.287104793302
전라남도,여수시,46130,233,273.625151630724,85.1529907288822,40.6251516307237,594.8,889.159218476772,66.8946559446303,294.359218476772,1095.4,1448.48304058375,75.6239437610912,353.083040583752,682.2,1029.88358845114,66.2404962706485,347.683588451142
전라남도,순천시,46150,284.4,307.869321712556,92.3768560043575,23.4693217125559,552.4,835.599801891954,66.10820140805,283.199801891955,1053,1450.84517486414,72.578385222848,397.845174864143,643.2,973.094132257439,66.0984357708404,329.894132257439
전라남도,나주시,46170,167.8,259.079078078349,64.7678698120329,91.2790780783487,412.6,707.082401902301,58.3524634314134,294.482401902301,905.1,1244.9123878087,72.7039114449784,339.812387808695,506.3,847.964883723567,59.7076612154911,341.664883723567
전라남도,광양시,46230,283.7,346.782576975729,81.8091850156174,63.082576975729,630.3,979.088141801463,64.3762265203505,348.788141801463,1172,1633.84888981915,71.7324599173752,461.848889819148,744.9,1122.27774044046,66.3739440922752,377.37774044046
전라남도,담양군,46710,194.9,293.61616002883,66.3791802129907,98.7161600288298,461.3,750.929819664079,61.4305076080689,289.629819664079,998.3,1343.29583648051,74.3172109142831,344.995836480505,584.4,890.319426010868,65.6393630113678,305.919426010868
전라남도,곡성군,46720,211.6,294.35474564865,71.8860501242171,82.7547456486496,439.4,734.603675604276,59.8145659478976,295.203675604276,879.3,1312.58993598991,66.9896954022327,433.289935989906,534.9,866.845571937841,61.7064927498247,331.945571937841
전라남도,구례군,46730,264.8,347.535232441818,76.1937136961591,82.7352324418183,570.1,848.770898337447,67.1677128794942,278.670898337447,1082.8,1493.30152401532,72.5104731085035,410.501524015318,689.3,987.703714307917,69.7881348439589,298.403714307917
전라남도,고흥군,46770,280.1,257.325365964038,108.850520410469,-,618.2,867.058849684911,71.2985053119121,248.858849684911,1052.6,1435.56093346991,73.3232547263422,382.960933469912,691.8,1009.71592494537,68.5143200091083,317.915924945372
전라남도,보성군,46780,267.8,293.023314843513,91.3920450811283,25.223314843513,576.9,857.485386252856,67.2781145018702,280.585386252856,1117.5,1470.6174453871,75.9884906510033,353.117445387101,657.6,999.068890647868,65.8212868157235,341.468890647868
전라남도,화순군,46790,236.7,286.768455186531,82.5404592865825,50.0684551865309,470.5,756.762261128575,62.1727620637866,286.262261128575,967.9,1331.58117969624,72.688020434533,363.681179696241,557.9,890.625649467915,62.6413578289942,332.725649467915
전라남도,장흥군,46800,214.7,270.313583672143,79.4262711785895,55.6135836721435,522,847.023469973533,61.6275721399208,325.023469973533,1098.1,1460.02046121619,75.2112747163344,361.920461216189,598.5,997.722066575453,59.9866455850046,399.222066575453
전라남도,강진군,46810,179,249.474496440999,71.7508212477075,70.4744964409994,464.8,805.202241983888,57.72462814495,340.402241983888,971.6,1380.05627415864,70.4029261844662,408.456274158638,542.7,957.083822579262,56.7034973527678,414.383822579262
전라남도,해남군,46820,156.4,220.937203618018,70.7893453156956,64.5372036180176,402.7,730.10845908357,55.1561887812488,327.40845908357,830.5,1261.27303208472,65.8461711995296,430.773032084717,493.8,878.202645366294,56.2284801355886,384.402645366294
전라남도,영암군,46830,173.8,229.890163686238,75.6013207408073,56.0901636862383,411.9,691.524998392311,59.5640072242658,279.624998392311,900.7,1220.31529892212,73.80879357946,319.615298922124,504.7,831.747304803083,60.6794872776279,327.047304803083
전라남도,무안군,46840,167.2,230.708992919289,72.4722508144678,63.5089929192893,420.9,670.410760561507,62.7824051701486,249.510760561507,832.5,1170.1056120675,71.1474239089432,337.605612067501,524.6,811.946538405102,64.6101652247285,287.346538405102
전라남도,함평군,46860,166.9,263.185731031404,63.4152920623517,96.2857310314037,404.7,711.497795426465,56.8800075842015,306.797795426465,933,1237.13935429682,75.4159179206056,304.139354296821,525.7,855.139193237793,61.475371981204,329.439193237793
전라남도,영광군,46870,131.5,265.342726684157,49.5585470320908,133.842726684157,391.4,713.420771896289,54.8624339826341,322.020771896289,956.9,1264.64066056011,75.6657626029662,307.740660560115,549.8,860.273138236197,63.9099345967311,310.473138236197
전라남도,장성군,46880,153.1,288.719470639175,53.0272515605072,135.619470639175,414.2,748.639674007525,55.3270170391527,334.439674007525,985.8,1341.51810850361,73.4839130199745,355.718108503611,558.3,895.699947380589,62.3311413194462,337.399947380589
전라남도,완도군,46890,108.9,246.400015083243,44.1964258659682,137.500015083243,460.1,898.086769470875,51.2311299576406,437.986769470875,938.7,1468.610125826,63.917576454952,529.910125826,514.3,1062.14685481028,48.4207995976099,547.846854810275
전라남도,진도군,46900,165.2,221.5267463291,74.5733879712109,56.3267463291001,440.7,752.765160069541,58.5441547214124,312.065160069541,820.8,1298.53681403569,63.2096056983596,477.736814035689,522.9,900.150454748861,58.0902889335191,377.250454748861
전라남도,신안군,46910,165.4,221.343464054108,74.7254953774318,55.9434640541081,418.5,676.560068520901,61.8570352392991,258.060068520901,736.8,1178.23998217422,62.5339498868791,441.439982174221,522.4,819.269099593016,63.7641527380332,296.869099593016
경상북도,포항시,47110,96.3,212.807787929923,45.2521032884902,116.507787929923,296.1,631.313650630995,46.9022014182727,335.213650630995,1017.8,1157.89236917912,87.9010888310424,140.09236917912,449.8,757.861299223584,59.351229632759,308.061299223584
경상북도,경주시,47130,108.6,225.550106660746,48.1489464171911,116.950106660746,348.4,659.380513935751,52.837472845603,310.980513935751,1015.7,1199.19278706213,84.6986415327208,183.492787062133,479,787.625460409257,60.815707982714,308.625460409257
경상북도,김천시,47150,126,234.75212803667,53.6736348478672,108.75212803667,320.1,608.780084179751,52.580563707384,288.680084179751,895.9,1123.47689645284,79.743517897754,227.576896452838,405.8,716.22154286226,56.6584465441081,310.42154286226
경상북도,안동시,47170,115.1,225.718731278536,50.9926665580833,110.618731278536,285.8,586.250076516689,48.7505266861768,300.450076516689,731.4,1014.30264524342,72.1086554816655,282.902645243423,377.1,676.534106699037,55.7399835819005,299.434106699037
경상북도,구미시,47190,108,218.70943468755,49.3805857777877,110.70943468755,264.8,565.881149588876,46.7942783024991,301.081149588876,774.6,1031.42761066393,75.0997929463404,256.827610663933,353,662.936790305645,53.2479121934461,309.936790305645
경상북도,영주시,47210,194,270.842880566584,71.6282442404119,76.8428805665842,478.2,694.204491477245,68.8846018530369,216.004491477245,989.7,1186.67226222833,83.4012921260622,196.97226222833,565.9,796.702809272274,71.0302503535673,230.802809272274
경상북도,영천시,47230,113.8,222.220701227422,51.2103505080457,108.420701227422,268.9,607.463511440524,44.266033257263,338.563511440525,809.9,1068.8102014318,75.7758485945441,258.910201431797,368.2,704.423513374602,52.269691884092,336.223513374602
경상북도,상주시,47250,187.3,274.822342350732,68.1531197201445,87.5223423507321,414.2,688.633160507266,60.1481345590283,274.433160507266,952.2,1196.69753232478,79.5689783156981,244.497532324782,495.3,807.711177909377,61.3214244826969,312.411177909377
경상북도,문경시,47280,202.3,296.261699017048,68.2842232631492,93.9616990170479,481.8,722.977255858784,66.6411005457836,241.177255858784,1021.5,1238.24044879836,82.4960936295776,216.740448798364,560.9,840.997067627917,66.694643963748,280.097067627917
경상북도,경산시,47290,95.9,226.889024211078,42.2673597074413,130.989024211078,269.4,610.053187230099,44.1600840122139,340.653187230099,759,1083.38534272962,70.0581750614863,324.385342729619,368.1,709.49344782265,51.8820858923581,341.39344782265
경상북도,군위군,47720,98.4,216.500809071257,45.4501765707552,118.100809071257,238.9,568.762145293233,42.0034986464916,329.862145293233,786.4,1038.47024387196,75.7267725907958,252.070243871958,336.9,664.511420303721,50.6989029392477,327.611420303721
경상북도,의성군,47730,109.9,220.40415934144,49.8629428448073,110.50415934144,263.2,569.667655029334,46.2023774171358,306.467655029334,762.8,1010.52471390066,75.4855363265252,247.724713900664,351.3,662.919237938736,52.9928805645048,311.619237938736
경상북도,청송군,47750,99.3,205.782724159834,48.254779600873,106.482724159834,255,563.256547770745,45.2724430828613,308.256547770745,768.7,1008.46664809642,76.2246328573186,239.766648096416,352.6,658.815667359514,53.520281539933,306.215667359514
경상북도,영양군,47760,145.8,209.85938987659,69.4750900046641,64.0593898765904,313.1,561.037327557128,55.8073384106726,247.937327557128,760,999.962625041509,76.0028406030127,239.962625041509,413.7,656.030316384047,63.061110084098,242.330316384047
경상북도,영덕군,47770,117.3,195.311687694726,60.0578497807777,78.0116876947258,316.9,568.989002624917,55.6952768046562,252.089002624917,972.4,1070.73552846466,90.8160768135089,98.3355284646641,473.1,702.422820513176,67.3525953576455,229.322820513176
경상북도,청도군,47820,109.2,250.50298933637,43.5922941635514,141.30298933637,349.2,676.007151263853,51.6562582728808,326.807151263853,872.1,1209.000959985,72.1339377605473,336.900959985001,461.9,793.957956851861,58.1768840546027,332.057956851861
경상북도,고령군,47830,113.6,255.900023820989,44.3923366257546,142.30002382099,294.3,659.449576395007,44.6281278409247,365.149576395007,822.8,1163.09885380885,70.7420523462423,340.298853808848,377.5,757.047250879845,49.8647871135213,379.547250879845
경상북도,성주군,47840,104.1,242.157554549673,42.9885411560209,138.057554549673,328.1,641.557031335815,51.1412055319303,313.457031335815,955,1168.65045791679,81.7181898599828,213.650457916788,428.8,749.039833031371,57.246621753698,320.239833031371
경상북도,칠곡군,47850,100.6,225.726698678354,44.5671693198103,125.126698678354,273.3,585.546681784192,46.674331612168,312.246681784192,832.2,1068.97909502609,77.8499789071827,236.779095026086,363.7,681.801391858419,53.3439802768143,318.101391858419
경상북도,예천군,47900,154.7,258.908330227648,59.7508777967777,104.208330227649,371.8,652.341489282082,56.9946885348616,280.541489282082,842.2,1111.96746813741,75.7396258553065,269.767468137412,450.4,751.550737118523,59.9294202979366,301.150737118523
경상북도,봉화군,47920,160.9,262.519580060785,61.2906663810541,101.619580060785,388.3,667.897994119669,58.1376203280567,279.597994119669,888.2,1157.63349373981,76.7254925503761,269.433493739815,486.4,769.742189430222,63.189988372606,283.342189430222
경상북도,울진군,47930,103.5,214.287105340105,48.2996864583756,110.787105340105,368,614.170405338378,59.918224128245,246.170405338378,1045.3,1174.89562807746,88.9696050457243,129.595628077462,569,767.192548752669,74.1665180305911,198.192548752669
경상북도,울릉군,47940,108.9,172.256666666667,63.2196141416878,63.3566666666667,503,743.486666666667,67.6542058588811,240.486666666667,1367.9,1415.9,96.6099300798079,48,844.8,1071.61666666667,78.8341602252049,226.816666666667
경상남도,창원시,48120,140.7,281.362661328473,50.0066353281119,140.662661328473,486.1,809.282242049712,60.0655710384586,323.182242049712,1079.7,1373.9410264199,78.5841589440993,294.241026419895,579,944.861226985366,61.2788400522405,365.861226985366
경상남도,진주시,48170,188.7,294.665255973237,64.0387681190138,105.965255973237,458.2,840.191321913322,54.5351978828543,381.991321913322,980.2,1447.21211960989,67.7302232836621,467.012119609894,552.2,974.395987897696,56.6710051004414,422.195987897696
경상남도,통영시,48220,160,290.485420485832,55.080217014817,130.485420485832,565.7,949.500231142141,59.5787111414946,383.800231142141,1254.3,1531.67784319864,81.8905885183149,277.377843198641,640.8,1104.1150466511,58.0374302427645,463.315046651103
경상남도,사천시,48240,244.6,307.969235889549,79.4235175125494,63.3692358895485,561.8,896.97135247097,62.6329925088864,335.17135247097,1166.6,1519.61695257717,76.7693462501537,353.016952577168,663.3,1035.5182743451,64.0548811578911,372.218274345102
경상남도,김해시,48250,138.7,267.54810287381,51.8411450166098,128.84810287381,488.9,767.738196716833,63.6805622138822,278.838196716833,1114.5,1291.98181450548,86.2628240960642,177.48181450548,589.4,896.941940863666,65.7121685526787,307.541940863666
경상남도,밀양시,48270,106.9,263.32785393083,40.5957814201,156.42785393083,412.2,716.029779384922,57.5674380965111,303.829779384922,944.9,1233.97269166635,76.5738177498898,289.072691666349,511.7,834.10398664309,61.3472670307419,322.40398664309
경상남도,거제시,48310,151.8,346.747705672565,43.7782276613952,194.947705672565,582.4,1127.77276990855,51.6416086236262,545.372769908545,1345.5,1806.39559655419,74.4853454341132,460.895596554192,678,1307.04795541387,51.8726185364267,629.047955413866
경상남도,양산시,48330,133.9,274.288379284316,48.8172340182173,140.388379284316,494.1,808.84406505692,61.0871762983424,314.74406505692,1223.8,1388.2556381204,88.1537928891066,164.455638120397,598.1,950.710062975553,62.9108729666807,352.610062975553
경상남도,의령군,48720,140.6,278.785197485736,50.4330937467344,138.185197485736,345.6,746.954232479752,46.2678950024382,401.354232479752,789.8,1301.92343473329,60.6640896791135,512.123434733293,435.3,866.197813377245,50.2541097746247,430.897813377245
경상남도,함안군,48730,129.7,260.293322668964,49.8284007711368,130.593322668964,337.1,722.323547507747,46.6688371385795,385.223547507747,796.9,1262.12077030789,63.1397579968196,465.220770307894,416.4,843.736614518724,49.3518940430858,427.336614518724
경상남도,창녕군,48740,100.7,252.752441735962,39.8413559561954,152.052441735962,320.6,663.320905189166,48.3325638453338,342.720905189166,785.5,1160.09399645711,67.7100306008733,374.593996457106,403.1,772.205414027676,52.2011362103132,369.105414027676
경상남도,고성군,48820,176,293.003859594021,60.0674681363792,117.003859594022,613.9,887.737894872519,69.1532944065835,273.837894872519,1288,1487.79074643375,86.5713140834727,199.790746433745,698.3,1032.06054831536,67.6607589680512,333.760548315355
경상남도,남해군,48840,238.4,339.283031867828,70.2658186846407,100.883031867828,644.9,1136.57222275534,56.740784887088,491.672222755337,1336.9,1835.04525044499,72.8537892826244,498.145250444989,733.2,1317.86128425983,55.6355975213127,584.661284259827
경상남도,하동군,48850,283.4,368.798112424904,76.8442110879043,85.3981124249044,629.2,1009.38871887762,62.3347564949638,380.188718877621,1181.7,1706.92874726194,69.2296032798996,525.228747261938,746.6,1160.20822380932,64.3505178362453,413.608223809317
경상남도,산청군,48860,201.2,335.499408906617,59.970299398054,134.299408906617,497.5,883.507045911902,56.3096810944513,386.007045911902,1022.9,1583.21323895186,64.6091110681459,560.313238951865,601.1,1026.84046489446,58.538791618597,425.740464894459
경상남도,함양군,48870,169.3,316.414752459552,53.5057226896025,147.114752459552,395.6,785.200985495603,50.3820050289806,389.600985495603,914.1,1410.57416667145,64.8033986158286,496.474166671447,516.6,922.457752697237,56.0025647233684,405.857752697237
경상남도,거창군,48880,148.2,288.223382332818,51.4184514804112,140.023382332818,342.7,721.854113629763,47.4749666905369,379.154113629763,909.9,1299.856226667,70.0000493387719,389.956226667001,444.1,842.721684345018,52.6982998361036,398.621684345018
경상남도,합천군,48890,131.7,280.974619061638,46.8725611017231,149.274619061638,336.4,710.596790318196,47.3404896536846,374.196790318196,848.6,1271.04000256134,66.7642244374638,422.440002561342,423.5,821.854510272662,51.5298017722745,398.354510272662
제주특별자치도,제주시,50110,270.3,253.761250481953,106.517444837081,-,905.6,1004.23076585995,90.1784759825107,98.630765859952,2002.3,1841.6831274283,108.721200198863,-,1125.9,1261.76243730907,89.2323282662604,135.862437309073
제주특별자치도,서귀포시,50130,299.6,291.853182597139,102.654354266047,-,911.8,1244.89229622635,73.2432839984588,333.092296226349,1984,2100.97025908439,94.4325599765811,116.970259084392,1085.3,1520.18516965691,71.3926185877041,434.885169656909