"시점","관측지점별",평균기온 (℃),평균최고기온 (℃),평균최저기온 (℃),최고기온 (℃),최저기온 (℃),합계강수량 (mm),평균지면온도 (℃)
"2011","속초",12.1,16.0,8.4,35.7,-13.2,1656.1,13.2
"2011","철원",9.8,16.0,4.2,34.3,-24.3,1656.3,12.2
"2011","동두천",10.7,16.8,5.9,35.2,-19.1,2311.2,13.3
"2011","파주",10.4,16.7,5.1,34.1,-23.0,2063.3,13.1
"2011","대관령",6.8,11.8,1.7,28.3,-23.8,1762.1,8.5
"2011","춘천",10.7,16.5,5.7,34.2,-22.5,2029.3,12.9
"2011","백령도",10.2,13.2,7.9,28.9,-13.3,988.1,12.7
"2011","북강릉",11.8,16.1,7.7,34.8,-16.2,1692.6,12.9
"2011","강릉",12.6,16.8,9.0,35.2,-13.5,1810.5,13.6
"2011","동해",12.1,16.0,8.6,34.1,-12.9,1765.7,13.9
"2011","서울",12.0,16.4,8.4,34.1,-17.8,2039.3,14.0
"2011","인천",12.0,15.6,9.0,32.9,-14.9,1725.5,13.9
"2011","원주",11.7,17.3,6.8,35.4,-18.6,2188.0,13.3
"2011","울릉도",12.1,14.9,9.7,31.1,-8.6,1795.8,13.0
"2011","수원",11.8,16.8,7.4,35.8,-16.9,1975.9,12.2
"2011","영월",11.0,17.4,5.6,35.4,-20.4,2085.7,13.1
"2011","충주",11.4,17.3,6.2,34.6,-19.3,2073.3,13.0
"2011","서산",11.6,16.4,7.2,33.0,-14.7,1704.4,14.6
"2011","울진",12.0,16.6,7.9,35.3,-14.0,1376.6,13.7
"2011","청주",12.8,17.9,8.4,35.0,-15.5,1805.6,13.4
"2011","대전",12.6,17.6,8.2,33.3,-16.1,1943.4,14.6
"2011","추풍령",11.5,16.6,6.8,31.9,-15.9,1401.8,12.9
"2011","안동",12.2,18.1,6.9,33.9,-16.9,1251.5,14.0
"2011","상주",12.0,17.5,7.4,33.7,-15.8,1250.5,13.9
"2011","포항",14.3,18.5,10.8,35.1,-12.7,1089.9,16.2
"2011","군산",12.2,16.7,8.3,34.0,-13.6,1634.2,13.5
"2011","대구",14.3,19.3,9.9,35.5,-13.1,1430.4,16.1
"2011","전주",13.1,18.7,8.4,36.2,-13.4,1621.8,16.3
"2011","울산",13.7,18.8,9.4,34.6,-13.5,1233.2,14.7
"2011","창원",14.3,18.7,10.7,33.7,-13.1,1514.0,15.3
"2011","광주",13.7,19.0,9.5,35.3,-11.7,1300.3,15.9
"2011","부산",14.6,18.8,11.3,33.0,-12.8,1478.6,16.1
"2011","통영",13.8,18.0,10.4,32.8,-10.7,1524.9,15.9
"2011","목포",13.0,17.1,9.7,33.3,-8.3,982.1,15.5
"2011","여수",14.0,17.3,11.3,32.4,-10.4,1650.4,14.9
"2011","흑산도",12.9,15.7,10.8,31.0,-5.7,830.7,15.7
"2011","완도",13.9,18.3,10.2,34.5,-7.1,1363.2,15.9
"2011","고창",13.0,18.4,8.4,36.7,-13.9,1411.3,15.1
"2011","진도(첨찰산)",11.3,15.9,8.3,32.7,-10.8,1263.9,14.1
"2011","제주",15.6,18.5,13.0,34.7,-2.8,1478.6,17.5
"2011","고산",15.4,18.1,13.1,33.9,-3.6,961.3,18.0
"2011","성산",15.4,18.7,12.4,33.1,-3.8,1865.7,16.7
"2011","서귀포",16.7,20.0,13.9,35.5,-3.7,2010.2,18.8
"2011","진주",13.0,19.0,7.6,34.7,-15.6,2026.4,15.2
"2011","강화",10.7,15.5,6.2,33.7,-20.1,2063.5,13.2
"2011","양평",11.3,17.2,6.3,35.5,-20.9,2198.5,13.4
"2011","이천",11.0,17.1,5.7,34.7,-20.6,2045.0,13.3
"2011","인제",9.4,15.4,4.3,33.3,-22.7,1778.5,12.0
"2011","홍천",10.7,17.4,5.3,36.0,-22.5,1639.6,12.7
"2011","태백",8.6,14.1,3.8,30.3,-20.0,1973.0,10.6
"2011","정선",9.8,15.8,4.9,33.9,-19.7,1761.4,12.2
"2011","제천",9.7,16.1,4.1,33.5,-23.2,2230.5,12.1
"2011","보은",10.8,17.0,5.1,32.5,-20.2,1810.7,13.0
"2011","천안",12.0,17.5,7.0,34.3,-18.3,1845.8,13.6
"2011","보령",12.1,16.5,8.1,34.4,-13.2,1743.0,14.1
"2011","부여",12.2,18.1,7.1,35.2,-15.9,2014.7,14.3
"2011","금산",11.3,17.9,5.7,34.0,-18.3,1798.5,13.5
"2011","부안",12.5,17.5,8.1,35.4,-17.0,1237.7,15.2
"2011","임실",10.7,17.3,5.0,34.1,-18.7,1700.0,14.2
"2011","정읍",13.0,18.4,8.4,35.9,-14.4,1654.0,15.2
"2011","남원",12.0,18.5,6.3,35.1,-17.0,1342.5,14.9
"2011","장수",10.4,16.5,4.8,32.8,-21.2,1811.5,13.8
"2011","고창군",13.2,18.5,8.5,35.6,-13.5,1565.8,14.9
"2011","영광",12.5,17.6,8.1,35.6,-14.5,1297.1,15.1
"2011","김해",15.3,20.1,11.3,35.6,-13.6,1537.5,15.1
"2011","순창",12.6,18.6,7.4,35.6,-15.4,1442.0,14.8
"2011","북창원",13.9,18.9,9.8,33.7,-13.3,1495.8,14.7
"2011","양산",14.6,19.5,10.5,35.3,-11.7,1606.4,15.6
"2011","보성",13.7,18.7,9.2,35.7,-9.5,1680.2,15.0
"2011","강진",13.1,18.1,8.7,35.0,-11.1,1439.1,14.8
"2011","장흥",13.5,19.0,8.4,36.1,-13.1,1583.8,15.6
"2011","해남",13.0,18.4,8.2,34.3,-11.3,1498.9,16.3
"2011","고흥",13.7,19.4,8.8,35.7,-9.6,1716.1,16.2
"2011","의령",13.0,19.6,7.4,33.6,-17.1,1766.3,16.1
"2011","함양",12.3,18.6,6.7,34.1,-13.1,1502.3,14.2
"2011","광양",-,-,-,35.0,-5.0,1936.0,-
"2011","봉화",9.6,16.5,3.4,33.1,-21.7,1589.9,12.2
"2011","영주",11.4,17.0,6.1,33.4,-18.5,1729.3,13.9
"2011","문경",11.6,17.3,6.7,33.2,-16.2,1666.1,14.5
"2011","청송",10.7,17.3,4.9,34.7,-18.5,1008.2,12.6
"2011","영덕",13.1,18.0,8.7,34.8,-15.1,1008.5,15.0
"2011","의성",11.5,18.8,5.0,35.0,-21.1,1130.5,14.1
"2011","구미",12.8,18.4,7.8,34.2,-13.9,1204.3,14.8
"2011","영천",12.5,18.5,7.0,34.2,-15.1,1127.1,14.3
"2011","경주",12.5,18.4,7.3,34.7,-14.7,1108.8,13.7
"2011","거창",11.6,18.0,6.0,33.3,-16.5,1321.3,14.1
"2011","합천",13.2,19.9,7.5,35.4,-16.4,1624.5,15.6
"2011","밀양",13.5,19.8,7.9,35.9,-15.8,1529.8,16.8
"2011","산청",13.1,18.7,8.2,34.8,-11.7,2013.1,15.0
"2011","거제",14.1,18.6,10.3,34.0,-10.4,1734.6,15.9
"2011","남해",14.1,18.9,9.9,34.6,-10.4,2183.4,16.1
"2012","속초",12.0,15.8,8.5,34.7,-14.3,1217.7,12.9
"2012","철원",9.6,15.6,4.0,34.3,-24.6,1317.7,12.0
"2012","동두천",11.0,17.4,6.0,36.4,-19.7,1383.9,13.9
"2012","파주",10.9,17.2,5.4,36.5,-24.6,1436.1,13.4
"2012","대관령",6.5,11.6,1.5,30.7,-23.5,1288.7,8.9
"2012","춘천",10.7,16.5,5.5,36.8,-23.1,1324.3,12.9
"2012","백령도",10.5,13.5,8.0,31.3,-12.8,892.3,13.1
"2012","북강릉",11.8,16.2,7.7,35.6,-15.2,1280.3,12.8
"2012","강릉",12.6,16.8,9.0,35.6,-14.2,1321.4,13.6
"2012","동해",12.2,16.3,8.6,34.0,-13.7,1123.3,14.5
"2012","서울",12.2,16.7,8.5,36.7,-17.1,1646.3,14.0
"2012","인천",12.1,16.0,8.8,35.3,-14.6,1415.1,14.7
"2012","원주",11.4,17.1,6.5,37.1,-20.5,1378.5,13.0
"2012","울릉도",11.9,14.9,9.5,31.4,-8.1,1777.1,13.8
"2012","수원",12.1,17.2,7.7,37.4,-16.2,1748.3,12.7
"2012","영월",10.8,17.2,5.3,38.7,-23.1,1398.8,13.6
"2012","충주",11.5,17.3,6.4,36.9,-20.7,1290.3,13.1
"2012","서산",11.5,16.6,6.9,36.0,-15.1,1642.6,15.0
"2012","울진",11.9,16.4,7.8,34.9,-13.7,1101.3,14.3
"2012","청주",12.7,17.7,8.3,36.4,-15.2,1387.6,14.3
"2012","대전",12.6,17.6,8.1,36.9,-14.4,1409.5,14.7
"2012","추풍령",11.2,16.2,6.4,34.7,-15.2,1465.8,12.8
"2012","안동",12.2,18.0,7.0,38.0,-18.6,1047.0,14.3
"2012","상주",11.7,17.1,7.1,35.5,-15.7,1323.0,14.4
"2012","포항",14.1,18.2,10.6,36.8,-11.5,1333.7,16.2
"2012","군산",12.3,16.8,8.3,36.1,-11.5,1659.5,14.6
"2012","대구",14.1,19.2,9.8,37.2,-12.4,1189.9,16.5
"2012","전주",13.2,18.7,8.5,38.3,-12.7,1359.7,16.6
"2012","울산",13.7,18.7,9.6,35.4,-11.6,1458.1,14.9
"2012","창원",14.2,18.6,10.6,35.5,-10.3,1559.4,15.8
"2012","광주",13.7,18.9,9.5,37.7,-10.2,1626.8,15.9
"2012","부산",14.5,18.6,11.3,34.5,-9.9,1983.3,16.6
"2012","통영",13.7,17.7,10.4,34.5,-8.8,1611.2,15.5
"2012","목포",13.1,17.1,9.8,35.7,-8.8,1577.5,15.9
"2012","여수",14.0,17.4,11.2,34.3,-9.2,1825.1,14.8
"2012","흑산도",13.5,16.3,11.4,33.8,-5.4,1645.2,15.8
"2012","완도",13.9,18.4,10.2,35.5,-7.9,1710.3,15.9
"2012","고창",13.0,18.1,8.5,37.0,-13.3,1404.1,14.7
"2012","순천",12.3,18.0,7.3,35.3,-12.3,1967.0,13.9
"2012","진도(첨찰산)",11.2,15.9,8.1,33.6,-10.9,2198.3,13.7
"2012","제주",15.7,18.6,13.1,34.9,-2.8,2248.3,16.3
"2012","고산",15.6,18.4,13.1,34.2,-2.3,1418.1,18.0
"2012","성산",15.4,18.9,12.1,33.0,-3.6,2458.4,17.1
"2012","서귀포",16.7,20.0,13.8,33.9,-1.5,2700.8,18.4
"2012","진주",12.7,18.6,7.4,35.4,-14.3,1752.9,15.3
"2012","강화",10.7,15.6,6.0,35.1,-18.1,1357.5,13.5
"2012","양평",11.4,17.2,6.4,37.0,-21.4,1532.0,14.0
"2012","이천",11.1,17.4,5.7,37.7,-22.8,1559.2,13.8
"2012","인제",10.0,16.1,4.9,36.9,-22.3,1023.6,13.0
"2012","홍천",10.6,17.3,5.1,37.9,-22.2,1277.8,13.0
"2012","태백",8.4,13.9,3.6,33.2,-20.3,1523.4,11.3
"2012","정선",9.9,15.9,5.0,37.2,-21.3,965.1,13.2
"2012","제천",9.6,16.1,4.0,36.9,-25.9,1381.3,12.4
"2012","보은",10.7,16.8,5.3,35.4,-21.9,1522.3,13.3
"2012","천안",11.9,17.5,6.8,36.4,-17.8,1336.7,14.5
"2012","보령",12.2,16.7,8.1,36.3,-11.7,1319.0,14.6
"2012","부여",11.8,17.6,6.8,37.3,-15.0,1545.8,14.6
"2012","금산",11.1,17.6,5.6,36.3,-18.5,1434.5,13.6
"2012","부안",12.5,17.5,8.1,36.1,-12.6,1503.7,15.4
"2012","임실",10.6,16.9,5.0,35.7,-17.8,1503.9,14.2
"2012","정읍",13.1,18.4,8.4,37.8,-13.2,1473.4,14.9
"2012","남원",11.9,18.3,6.3,35.9,-15.2,1518.1,14.9
"2012","장수",10.2,16.3,4.7,34.1,-19.2,1910.8,13.5
"2012","고창군",13.2,18.4,8.5,36.4,-12.9,1535.0,15.2
"2012","영광",12.6,17.5,8.2,35.9,-13.1,1679.9,15.6
"2012","김해",14.6,19.5,10.6,37.9,-9.2,1432.2,11.5
"2012","순창",12.5,18.3,7.4,37.5,-14.7,1607.9,14.4
"2012","북창원",13.7,18.6,9.6,35.6,-10.8,1828.5,14.3
"2012","양산",14.3,19.1,10.1,36.0,-9.6,1621.4,16.1
"2012","보성",13.6,18.4,9.1,35.1,-9.9,1779.9,15.5
"2012","강진",13.1,18.0,8.7,34.8,-10.6,1703.4,15.0
"2012","장흥",13.3,18.5,8.6,35.3,-11.5,1774.7,15.5
"2012","해남",13.2,18.3,8.5,36.0,-10.7,1695.4,16.3
"2012","고흥",13.5,18.7,8.8,36.0,-11.0,1791.9,15.1
"2012","의령",12.8,19.4,7.3,35.7,-14.5,1403.6,16.0
"2012","함양",12.2,18.4,6.9,35.2,-13.0,1576.8,13.8
"2012","광양",14.7,19.4,10.8,34.9,-9.6,1891.1,16.6
"2012","봉화",9.1,15.8,3.1,34.7,-27.7,1220.2,12.1
"2012","영주",11.2,16.9,6.0,37.5,-19.9,1431.0,14.1
"2012","문경",11.5,17.3,6.5,35.4,-17.0,1395.5,14.8
"2012","청송",10.4,17.1,4.8,36.3,-21.5,978.0,12.9
"2012","영덕",12.9,18.0,8.6,36.3,-13.7,1119.0,15.5
"2012","의성",11.3,18.6,4.8,37.6,-22.1,1007.9,14.2
"2012","구미",12.5,18.1,7.6,36.4,-14.1,1309.6,14.9
"2012","영천",12.3,18.4,7.0,36.9,-14.6,1316.0,14.6
"2012","경주",12.4,18.2,7.3,37.0,-13.4,1274.5,14.3
"2012","거창",11.4,17.5,5.9,34.7,-16.1,1538.8,14.1
"2012","합천",12.9,19.4,7.5,37.4,-13.9,1795.4,15.7
"2012","밀양",13.4,19.7,7.8,37.5,-14.0,1370.4,16.5
"2012","산청",12.8,18.5,8.1,35.6,-11.9,1914.2,15.1
"2012","거제",14.2,18.4,10.4,35.8,-8.2,2037.0,15.5
"2012","남해",13.9,18.6,10.0,35.5,-10.0,2208.7,15.5
"2013","속초",12.9,16.7,9.1,35.8,-14.1,1115.7,13.3
"2013","철원",10.0,15.9,4.5,32.7,-25.8,1758.9,12.6
"2013","동두천",11.4,17.5,6.4,34.3,-20.7,1470.9,13.8
"2013","파주",11.0,17.2,5.7,34.9,-24.5,1347.4,13.4
"2013","대관령",7.5,12.7,2.5,30.1,-26.8,1052.3,10.1
"2013","춘천",11.1,16.7,6.2,33.6,-23.1,1738.9,12.9
"2013","백령도",10.6,13.6,8.3,30.3,-12.9,863.5,13.0
"2013","북강릉",12.6,17.2,8.3,36.0,-14.2,895.4,14.7
"2013","강릉",13.6,17.9,9.8,36.1,-13.0,921.7,15.1
"2013","동해",13.2,17.5,9.4,36.1,-12.7,964.2,14.5
"2013","서울",12.5,16.9,8.7,33.9,-16.4,1403.8,14.0
"2013","인천",11.9,15.5,8.7,32.0,-15.9,1186.6,13.4
"2013","원주",11.9,17.5,7.0,34.1,-20.3,1501.1,13.0
"2013","울릉도",12.7,15.9,10.2,35.4,-9.7,1265.9,14.6
"2013","수원",12.3,17.5,7.8,34.7,-18.1,1240.1,13.4
"2013","영월",11.3,17.6,5.9,34.5,-22.6,1238.3,13.4
"2013","충주",11.8,17.6,6.6,34.2,-21.7,1102.6,13.2
"2013","서산",11.8,16.9,7.0,33.4,-16.6,1018.7,14.3
"2013","울진",12.8,17.5,8.4,37.8,-12.1,994.1,15.1
"2013","청주",13.3,18.4,8.8,35.5,-16.9,1240.7,14.3
"2013","대전",13.1,18.3,8.4,35.0,-16.5,1120.2,15.0
"2013","추풍령",11.8,17.2,6.8,34.0,-15.8,920.6,13.5
"2013","안동",12.4,18.7,7.0,36.0,-20.4,979.9,14.8
"2013","상주",12.4,18.3,7.5,35.6,-15.4,944.3,14.7
"2013","포항",14.9,19.4,11.0,37.6,-12.3,905.2,16.5
"2013","군산",12.6,17.5,8.4,34.9,-13.5,1092.4,14.8
"2013","대구",15.0,20.4,10.4,37.9,-12.5,996.4,16.7
"2013","전주",13.8,19.6,9.0,37.8,-15.3,1264.7,16.5
"2013","울산",14.8,20.2,10.3,38.8,-12.2,858.3,16.5
"2013","창원",15.0,19.7,11.1,37.1,-11.0,1110.0,16.6
"2013","광주",14.2,19.6,9.8,36.2,-10.3,1245.4,16.5
"2013","부산",15.3,19.5,11.8,35.0,-10.7,1130.1,17.4
"2013","통영",14.5,18.8,10.8,34.5,-9.4,1161.9,16.4
"2013","목포",13.8,18.2,10.3,36.9,-8.8,1089.7,16.8
"2013","여수",14.7,18.4,11.6,34.5,-9.3,1200.8,15.5
"2013","흑산도",13.7,16.8,11.3,33.9,-5.2,1093.7,16.2
"2013","완도",14.6,19.4,10.5,36.9,-7.2,1253.5,16.7
"2013","고창",13.0,18.3,8.3,34.8,-12.4,1226.8,15.2
"2013","순천",12.7,18.8,7.5,35.7,-12.9,1280.4,14.9
"2013","진도(첨찰산)",11.6,16.6,8.4,33.6,-10.8,1257.1,14.2
"2013","제주",16.5,19.8,13.5,36.3,-1.8,859.1,17.6
"2013","고산",15.5,18.4,12.9,33.8,-2.9,697.1,18.1
"2013","성산",15.9,19.6,12.3,34.0,-3.5,1364.0,17.6
"2013","서귀포",17.4,20.9,14.3,34.3,-1.1,1086.6,19.5
"2013","진주",13.4,19.8,7.7,36.7,-13.0,1220.6,15.9
"2013","강화",10.8,15.6,6.2,32.1,-19.7,1273.5,13.5
"2013","양평",11.7,17.4,6.8,34.2,-20.6,1683.1,13.9
"2013","이천",11.4,17.4,6.1,34.3,-22.5,1366.6,13.3
"2013","인제",10.6,16.7,5.7,33.4,-23.2,1332.1,12.6
"2013","홍천",10.8,17.4,5.6,34.6,-24.1,1302.3,13.1
"2013","태백",9.4,15.1,4.4,35.6,-21.7,922.4,11.7
"2013","정선",10.5,16.6,5.5,33.8,-22.0,1250.2,13.0
"2013","제천",10.1,16.6,4.4,33.8,-25.6,1437.0,12.9
"2013","보은",11.2,17.6,5.7,34.3,-22.0,1125.9,14.1
"2013","천안",12.3,18.1,7.1,35.6,-19.2,1095.6,14.5
"2013","보령",12.4,17.0,8.3,33.5,-13.6,1387.7,14.6
"2013","부여",12.2,18.2,7.1,34.5,-19.4,1236.3,14.4
"2013","금산",11.8,18.4,6.2,35.3,-22.0,996.8,14.6
"2013","부안",12.9,18.1,8.4,36.2,-15.8,1157.9,15.2
"2013","임실",11.2,17.6,5.6,34.8,-21.5,1400.0,14.1
"2013","정읍",13.7,19.3,8.9,37.1,-14.5,1061.9,15.6
"2013","남원",12.6,18.9,7.1,35.5,-18.4,1396.6,15.0
"2013","장수",10.7,17.0,5.1,33.8,-23.3,1574.2,14.2
"2013","고창군",13.5,19.0,8.8,36.6,-13.7,1079.5,15.1
"2013","영광",13.1,18.3,8.4,36.3,-14.3,1204.8,15.4
"2013","김해",14.9,20.3,10.5,39.2,-12.0,1057.2,14.0
"2013","순창",13.0,19.2,7.7,36.3,-16.7,1303.1,15.0
"2013","북창원",14.5,19.7,10.0,36.6,-11.5,1114.9,16.1
"2013","양산",15.0,20.4,10.4,38.1,-10.2,1092.3,16.7
"2013","보성",14.2,19.5,9.4,36.7,-9.8,1313.8,16.0
"2013","강진",13.6,19.0,8.8,35.8,-10.7,1205.3,15.0
"2013","장흥",13.7,19.5,8.5,36.6,-11.6,1157.3,16.1
"2013","해남",13.7,19.3,8.6,36.9,-12.1,1077.7,16.8
"2013","고흥",14.0,19.4,9.0,36.0,-10.8,1182.8,15.1
"2013","의령",12.8,19.8,6.9,35.4,-14.7,988.9,16.0
"2013","함양",12.8,19.6,7.0,36.9,-13.9,1096.2,14.5
"2013","광양",15.1,20.1,11.0,38.6,-9.0,1366.9,17.4
"2013","봉화",9.6,16.3,3.7,33.4,-25.0,1067.4,12.4
"2013","영주",11.6,17.6,6.3,34.8,-20.9,1180.8,14.4
"2013","문경",12.1,18.1,7.0,36.1,-16.5,1273.6,15.7
"2013","청송",11.0,18.0,5.2,34.7,-21.4,868.9,13.4
"2013","영덕",13.5,18.9,8.8,37.6,-12.5,863.4,15.5
"2013","의성",11.9,19.5,5.4,36.9,-23.2,851.0,14.7
"2013","구미",13.4,19.3,8.2,36.7,-15.1,895.1,15.7
"2013","영천",13.0,19.4,7.3,37.1,-15.7,971.7,15.3
"2013","경주",13.2,19.7,7.8,38.3,-13.3,820.8,14.9
"2013","거창",12.0,18.7,6.1,35.6,-18.4,1085.8,15.4
"2013","합천",13.3,20.2,7.5,37.3,-14.9,1276.0,16.6
"2013","밀양",14.1,20.9,8.3,38.4,-12.9,1036.5,17.1
"2013","산청",13.3,19.4,8.1,36.8,-13.3,1253.6,15.7
"2013","거제",14.9,19.6,10.9,36.7,-9.2,1256.3,16.6
"2013","남해",14.8,19.9,10.4,37.7,-8.6,1590.5,16.8
"2014","속초",13.2,17.1,9.3,34.6,-10.8,1104.0,13.9
"2014","철원",11.0,17.3,5.1,35.3,-20.3,684.4,13.0
"2014","동두천",12.1,18.7,6.9,36.3,-15.6,741.6,14.5
"2014","파주",11.4,17.8,5.9,35.8,-17.0,642.7,13.7
"2014","대관령",7.7,13.0,2.3,30.6,-19.8,1309.6,9.6
"2014","춘천",12.1,18.0,7.0,35.1,-20.1,677.4,13.9
"2014","백령도",11.6,14.8,9.1,33.2,-7.9,391.9,14.5
"2014","북강릉",12.8,17.1,8.6,35.5,-13.2,1371.0,15.8
"2014","강릉",13.8,17.9,9.9,36.1,-10.0,1388.8,14.5
"2014","동해",13.3,17.5,9.4,34.3,-9.0,1411.1,14.7
"2014","서울",13.4,18.3,9.3,35.8,-13.2,808.9,15.2
"2014","인천",12.8,16.5,9.6,35.3,-11.4,788.1,14.3
"2014","원주",12.8,18.6,7.7,35.9,-14.7,801.3,13.8
"2014","울릉도",12.8,15.9,10.3,31.3,-6.3,1527.7,14.4
"2014","수원",13.1,18.6,8.5,34.6,-11.1,1029.1,13.7
"2014","영월",11.9,18.7,6.1,35.4,-17.4,876.5,13.9
"2014","충주",12.2,18.4,6.9,34.9,-14.2,899.6,13.8
"2014","서산",12.3,17.8,7.5,33.7,-11.1,1000.2,14.6
"2014","울진",12.9,17.3,8.6,34.1,-9.5,1282.6,14.7
"2014","청주",13.9,19.1,9.4,36.0,-9.7,913.7,15.4
"2014","대전",13.4,18.9,8.8,34.9,-10.7,1117.7,15.4
"2014","추풍령",11.7,17.3,6.5,35.0,-12.6,1136.4,13.3
"2014","안동",12.5,18.7,7.1,35.6,-13.4,960.4,14.9
"2014","상주",12.7,18.6,7.7,35.8,-11.7,1184.9,14.9
"2014","포항",14.6,18.7,10.9,36.0,-8.3,1338.2,16.2
"2014","군산",13.0,18.1,8.9,35.3,-8.8,1141.0,15.5
"2014","대구",14.9,20.2,10.5,37.5,-7.4,1072.1,16.9
"2014","전주",13.9,19.8,9.0,36.0,-9.7,1206.8,16.4
"2014","울산",14.7,19.7,10.6,34.9,-6.5,1398.7,15.6
"2014","창원",14.9,19.6,11.1,35.2,-6.1,1525.8,16.2
"2014","광주",14.3,19.7,10.0,36.5,-7.3,1290.3,16.2
"2014","부산",15.1,19.2,12.0,32.9,-6.0,1693.1,16.7
"2014","통영",14.7,19.0,11.2,35.2,-6.2,1697.1,16.8
"2014","목포",13.9,18.1,10.6,34.3,-6.6,1087.7,16.5
"2014","여수",14.7,18.1,11.9,32.8,-6.3,1575.3,15.3
"2014","흑산도",14.1,17.0,11.9,31.1,-2.7,1186.7,16.2
"2014","완도",14.5,19.0,10.6,33.4,-7.5,1862.6,16.1
"2014","고창",12.9,18.2,8.3,34.5,-12.2,1291.1,15.0
"2014","순천",12.6,18.8,7.3,33.2,-10.7,1910.8,14.4
"2014","진도(첨찰산)",11.8,16.5,8.7,31.2,-8.4,1538.0,14.4
"2014","제주",16.2,19.1,13.6,35.2,0.1,1563.4,17.7
"2014","고산",15.5,18.5,13.0,32.6,-1.1,1271.6,18.1
"2014","성산",15.6,19.2,12.2,31.1,-2.7,2240.9,16.7
"2014","서귀포",17.0,20.4,14.0,33.8,-0.1,2473.2,17.8
"2014","진주",13.2,19.5,7.8,35.5,-10.6,1644.9,15.5
"2014","강화",11.8,16.9,7.0,35.8,-12.9,605.4,14.2
"2014","양평",12.4,18.4,7.2,35.0,-14.5,790.1,14.7
"2014","이천",11.9,18.3,6.4,34.7,-14.9,791.5,13.9
"2014","인제",11.1,17.5,5.8,36.9,-19.6,705.2,13.1
"2014","홍천",11.7,18.7,6.1,36.1,-19.9,703.5,13.3
"2014","태백",9.3,15.2,4.3,33.6,-16.5,1171.2,11.0
"2014","정선",10.8,17.3,5.7,34.6,-16.5,893.7,13.3
"2014","제천",10.6,17.3,4.6,33.7,-20.5,913.6,13.1
"2014","보은",11.5,18.1,5.8,34.2,-15.0,1089.2,14.1
"2014","천안",12.8,18.7,7.6,34.6,-14.5,1020.5,14.5
"2014","보령",12.9,17.6,8.9,33.8,-9.1,1010.1,15.0
"2014","부여",12.7,18.9,7.6,34.4,-11.4,1142.1,14.9
"2014","금산",12.1,18.7,6.4,35.5,-13.9,1131.0,14.6
"2014","부안",13.1,18.4,8.6,35.2,-13.2,1188.5,14.8
"2014","임실",11.5,18.1,5.8,34.2,-13.4,1340.5,13.9
"2014","정읍",13.7,19.3,9.0,37.3,-11.4,1261.2,15.9
"2014","남원",12.7,18.7,7.6,34.6,-11.0,1259.5,14.4
"2014","장수",11.0,17.4,5.4,32.4,-17.2,1321.4,13.8
"2014","고창군",13.9,19.6,9.1,36.6,-9.5,1332.7,15.9
"2014","영광",13.2,18.6,8.4,36.0,-13.0,1433.1,15.2
"2014","김해",14.8,20.0,10.7,35.4,-6.9,1634.8,16.5
"2014","순창",13.1,19.4,7.8,36.3,-11.7,1476.9,14.7
"2014","북창원",14.4,19.6,10.0,36.7,-7.3,1549.4,16.3
"2014","양산",14.6,20.1,10.1,36.9,-6.8,1767.4,15.8
"2014","보성",14.2,19.5,9.2,34.1,-8.9,1619.2,15.8
"2014","강진",13.6,19.1,8.8,33.3,-8.9,1513.2,14.9
"2014","장흥",13.7,19.5,8.6,33.2,-10.2,1546.0,15.9
"2014","해남",13.7,19.0,8.7,33.6,-13.0,1173.1,16.2
"2014","고흥",14.0,19.5,9.1,33.4,-9.6,1851.4,14.9
"2014","의령",12.2,19.1,6.6,35.0,-12.8,1380.4,16.1
"2014","함양",12.6,19.3,6.7,36.6,-12.3,1305.1,14.2
"2014","광양",14.9,19.6,11.0,36.7,-6.5,1503.3,17.3
"2014","봉화",9.9,16.8,3.7,34.0,-17.7,991.7,12.4
"2014","영주",12.0,18.1,6.3,35.2,-14.4,1156.4,14.8
"2014","문경",12.2,18.3,6.9,34.6,-13.2,1006.0,15.8
"2014","청송",11.0,18.1,5.2,36.7,-16.4,907.7,13.5
"2014","영덕",12.9,18.1,8.4,35.3,-9.6,1234.3,15.1
"2014","의성",11.7,19.4,5.1,37.0,-16.3,869.4,14.3
"2014","구미",13.5,19.5,8.3,36.7,-10.3,1222.8,15.4
"2014","영천",12.8,19.2,7.1,37.7,-12.2,1193.9,14.9
"2014","경주",12.9,19.2,7.5,37.8,-10.8,1274.1,15.1
"2014","거창",12.0,18.6,6.3,34.6,-12.8,1242.4,15.5
"2014","합천",13.1,19.9,7.4,35.5,-11.7,1292.1,16.5
"2014","밀양",14.0,20.7,8.4,37.9,-10.0,1212.4,17.0
"2014","산청",13.0,19.1,7.8,34.8,-10.1,1538.9,15.0
"2014","거제",14.8,19.7,10.9,34.2,-5.0,2257.1,16.6
"2014","남해",14.7,19.7,10.6,34.5,-7.0,2058.4,16.5
"2015","속초",12.6,16.6,8.8,35.4,-10.4,1127.7,14.8
"2015","철원",11.1,17.5,5.2,35.6,-18.1,1094.9,13.7
"2015","동두천",12.4,19.0,7.1,35.7,-14.3,988.5,14.5
"2015","파주",11.6,18.2,5.9,35.0,-16.4,716.2,14.4
"2015","대관령",8.0,13.4,2.7,30.0,-19.8,981.9,10.2
"2015","춘천",12.5,18.4,7.3,35.9,-15.7,757.8,14.4
"2015","백령도",11.9,15.0,9.4,30.2,-11.5,601.5,14.9
"2015","북강릉",13.1,17.6,8.8,36.1,-11.8,1017.5,18.3
"2015","강릉",13.9,18.2,10.0,36.8,-9.7,1047.4,15.6
"2015","동해",13.8,18.0,10.1,36.6,-8.8,911.2,16.0
"2015","서울",13.6,18.7,9.3,36.0,-13.0,792.1,15.4
"2015","인천",13.1,17.0,9.9,33.1,-11.2,652.0,14.8
"2015","원주",13.6,19.1,8.6,37.0,-13.1,903.8,14.3
"2015","울릉도",13.1,16.2,10.6,33.7,-6.9,1393.5,15.4
"2015","수원",13.5,19.0,8.8,35.3,-11.7,751.1,14.3
"2015","영월",12.4,18.9,6.7,35.6,-15.3,676.0,15.0
"2015","충주",12.7,18.7,7.3,36.1,-13.8,731.8,14.5
"2015","서산",12.7,18.1,7.9,33.7,-10.5,815.9,15.3
"2015","울진",13.2,17.7,8.8,35.5,-10.4,819.1,15.7
"2015","청주",14.0,19.2,9.6,36.4,-10.8,756.9,15.1
"2015","대전",14.0,19.4,9.2,36.3,-12.4,822.7,16.1
"2015","추풍령",12.2,17.7,7.0,34.8,-12.1,829.0,14.4
"2015","안동",12.9,19.0,7.5,37.2,-13.1,755.1,15.7
"2015","상주",13.7,19.5,8.7,36.6,-11.1,800.3,16.1
"2015","포항",14.8,18.9,11.2,37.5,-9.3,919.5,17.3
"2015","군산",13.4,18.1,9.4,34.7,-9.1,895.8,15.9
"2015","대구",14.8,20.1,10.2,38.3,-8.9,908.5,17.4
"2015","전주",14.2,19.6,9.7,35.3,-10.1,813.5,16.8
"2015","울산",15.0,19.8,10.8,36.8,-8.2,1044.6,16.2
"2015","창원",14.6,19.4,10.8,35.5,-7.8,1110.7,15.8
"2015","광주",14.6,19.8,10.4,36.2,-8.7,1049.6,16.6
"2015","부산",15.4,19.5,12.2,33.5,-7.8,1396.7,16.5
"2015","통영",14.8,19.3,11.3,34.2,-6.7,1463.8,16.9
"2015","목포",14.4,18.6,11.0,35.5,-6.1,1041.6,16.5
"2015","여수",14.9,18.2,12.1,32.9,-7.5,1250.5,16.0
"2015","흑산도",13.6,16.7,11.3,32.4,-4.3,1085.8,16.4
"2015","완도",14.5,18.9,10.9,33.1,-5.4,1638.5,17.0
"2015","고창",13.4,18.7,8.8,35.6,-13.0,956.1,16.2
"2015","순천",13.2,19.3,8.1,35.4,-9.3,1331.5,15.6
"2015","진도(첨찰산)",11.7,16.6,8.6,31.8,-8.4,1451.2,14.4
"2015","제주",16.7,19.8,14.1,36.7,-0.7,1728.3,18.5
"2015","고산",15.6,18.5,13.2,33.4,-1.4,1546.4,18.2
"2015","성산",15.7,19.3,12.2,32.9,-2.8,2542.2,17.2
"2015","서귀포",16.7,20.0,13.9,31.5,-0.8,2618.1,18.5
"2015","진주",13.4,19.6,8.0,35.5,-11.5,1324.8,15.8
"2015","강화",12.0,17.1,7.1,33.5,-12.1,647.9,14.5
"2015","양평",12.9,18.9,7.6,36.1,-13.5,801.5,15.1
"2015","이천",12.4,18.7,6.8,36.3,-14.0,842.5,14.5
"2015","인제",11.1,17.6,5.8,35.4,-16.0,755.7,13.7
"2015","홍천",12.2,19.0,6.6,37.1,-16.4,740.0,14.0
"2015","태백",9.8,15.4,4.8,33.1,-15.8,882.8,11.4
"2015","정선",11.4,17.9,6.3,36.3,-14.4,724.6,13.0
"2015","제천",11.1,17.8,5.1,36.0,-17.1,803.4,14.0
"2015","보은",12.0,18.6,6.4,35.2,-13.7,817.0,14.7
"2015","천안",13.0,18.8,7.9,36.3,-12.8,728.0,15.5
"2015","보령",13.3,18.0,9.2,33.8,-9.7,785.4,15.5
"2015","부여",12.9,19.0,7.8,35.8,-14.2,848.8,15.4
"2015","금산",12.6,18.8,7.1,35.7,-13.2,877.6,15.0
"2015","부안",13.5,18.7,9.2,35.5,-12.2,924.1,15.2
"2015","임실",12.1,18.6,6.5,35.6,-15.0,843.1,13.9
"2015","정읍",14.1,19.7,9.5,36.6,-10.1,988.5,16.4
"2015","남원",12.8,18.8,7.8,35.9,-11.9,869.0,15.1
"2015","장수",11.5,17.9,5.9,34.2,-14.6,1012.2,14.3
"2015","고창군",13.9,19.5,9.3,36.2,-10.9,966.3,15.8
"2015","영광",13.5,18.8,8.9,35.9,-11.4,962.6,15.4
"2015","김해",15.3,20.6,11.2,36.7,-7.9,1034.6,17.5
"2015","순창",13.3,19.5,8.0,35.6,-12.7,1061.1,15.2
"2015","북창원",14.5,19.8,10.2,35.3,-8.9,1101.1,16.7
"2015","양산",14.9,20.4,10.4,37.4,-7.6,1236.0,16.4
"2015","보성",14.6,19.7,9.9,34.8,-6.8,1211.6,16.1
"2015","강진",13.9,19.3,9.3,34.0,-6.6,1240.4,15.8
"2015","장흥",13.9,19.5,8.9,35.3,-8.0,1161.0,16.0
"2015","해남",13.9,19.2,9.0,34.1,-7.4,1157.8,16.3
"2015","고흥",14.1,19.4,9.3,34.2,-7.4,1379.7,15.9
"2015","의령",12.9,19.6,7.4,34.8,-12.4,1077.2,16.7
"2015","함양",13.0,19.6,7.5,37.1,-10.8,985.4,14.3
"2015","광양",15.4,20.2,11.5,37.1,-7.8,1205.6,17.1
"2015","진도",14.1,18.5,9.9,33.4,-4.9,1330.6,16.8
"2015","봉화",10.3,17.3,4.1,35.5,-17.1,589.2,13.0
"2015","영주",12.5,18.6,6.9,37.1,-13.7,771.2,15.5
"2015","문경",12.5,18.4,7.2,36.1,-11.9,765.3,16.0
"2015","청송",11.6,18.7,5.6,37.4,-15.1,707.3,14.3
"2015","영덕",13.5,19.0,8.8,38.2,-10.8,811.3,16.0
"2015","의성",12.1,19.5,5.7,38.7,-16.3,596.5,14.9
"2015","구미",14.1,19.7,9.0,36.8,-9.6,779.0,16.2
"2015","영천",13.5,19.8,7.9,37.6,-10.4,838.7,15.7
"2015","경주",13.5,19.8,8.2,37.9,-9.8,976.7,16.0
"2015","거창",12.4,18.7,6.9,34.8,-12.8,1031.2,15.6
"2015","합천",13.4,20.1,7.9,37.3,-11.5,1044.5,16.8
"2015","밀양",14.2,20.6,8.7,36.6,-11.0,951.3,16.3
"2015","산청",13.3,19.2,8.4,35.3,-9.9,1397.2,15.7
"2015","거제",14.9,19.7,10.9,35.9,-6.6,1778.4,17.3
"2015","남해",14.7,19.7,10.7,34.7,-7.2,1789.3,17.0
"2016","속초",12.8,16.8,9.0,35.9,-16.4,1333.8,14.2
"2016","철원",11.2,17.4,5.5,34.3,-20.6,1180.9,13.9
"2016","동두천",12.6,19.3,7.4,35.7,-19.3,1087.2,15.0
"2016","파주",11.7,18.2,6.2,35.0,-20.0,1163.9,15.1
"2016","대관령",8.1,13.5,2.9,32.4,-23.0,1184.0,10.8
"2016","춘천",12.4,18.2,7.4,35.7,-20.1,1333.8,14.5
"2016","백령도",11.9,15.0,9.4,31.5,-14.2,734.0,14.5
"2016","북강릉",13.1,17.4,9.1,34.9,-15.2,1204.2,14.3
"2016","강릉",13.8,18.1,10.0,35.5,-14.7,1258.2,15.9
"2016","동해",14.2,18.0,10.6,34.5,-12.0,924.5,15.3
"2016","서울",13.6,18.5,9.4,36.6,-18.0,991.7,15.7
"2016","인천",13.3,17.1,10.0,34.0,-16.3,864.3,15.0
"2016","원주",13.4,18.5,8.8,35.7,-15.9,874.6,14.0
"2016","울릉도",13.2,16.3,10.7,31.5,-9.9,2050.4,14.8
"2016","수원",13.6,19.1,9.0,36.5,-16.2,1023.4,14.0
"2016","영월",12.4,18.6,7.1,36.6,-17.4,940.4,15.5
"2016","충주",12.9,19.0,7.5,36.7,-17.0,917.1,14.9
"2016","서산",12.9,18.2,8.2,34.6,-12.7,922.1,15.5
"2016","울진",13.2,17.7,9.2,33.9,-13.5,1196.3,15.5
"2016","청주",13.9,18.9,9.5,36.3,-16.3,938.0,15.0
"2016","대전",14.0,19.4,9.4,37.6,-17.0,1228.4,16.5
"2016","추풍령",12.4,17.9,7.4,35.6,-16.8,1147.1,14.5
"2016","안동",13.2,19.2,7.9,37.8,-15.7,934.4,15.6
"2016","상주",13.8,19.6,9.0,37.2,-15.1,1136.2,16.3
"2016","포항",15.2,19.2,11.7,39.3,-12.3,1515.4,17.0
"2016","군산",13.8,18.6,9.8,34.9,-13.8,1144.4,16.2
"2016","대구",14.6,19.8,10.1,38.1,-13.0,1227.3,17.4
"2016","전주",14.3,19.4,10.2,36.2,-13.0,1117.7,16.6
"2016","울산",14.8,19.4,10.8,35.7,-11.4,1693.9,15.0
"2016","창원",14.9,19.6,11.1,36.7,-12.6,1893.0,16.3
"2016","광주",15.0,20.1,10.9,37.2,-11.7,1482.3,16.3
"2016","부산",15.7,19.8,12.5,37.3,-10.2,1760.2,17.2
"2016","통영",15.3,19.5,11.9,35.2,-8.6,1993.7,16.7
"2016","목포",14.8,18.8,11.5,36.0,-9.1,1398.0,17.2
"2016","여수",15.3,18.6,12.5,34.4,-8.9,1616.6,16.4
"2016","흑산도",13.7,16.9,11.3,31.6,-8.7,1183.1,16.2
"2016","완도",15.1,19.2,11.6,35.6,-8.0,1608.4,16.8
"2016","고창",14.0,19.1,9.7,35.7,-12.4,1090.9,15.6
"2016","순천",13.9,19.7,9.0,37.8,-13.4,1614.6,15.6
"2016","진도(첨찰산)",12.4,17.0,9.3,33.4,-12.7,1454.0,15.4
"2016","제주",17.0,20.2,14.4,35.5,-5.8,1416.4,18.4
"2016","고산",16.2,19.2,13.8,34.0,-6.2,1293.1,18.3
"2016","성산",16.3,19.8,13.1,35.3,-6.9,2255.9,17.2
"2016","서귀포",17.0,20.1,14.3,33.2,-6.4,2204.5,18.9
"2016","진주",13.8,19.9,8.6,37.5,-12.8,1734.6,16.3
"2016","강화",12.1,17.2,7.4,33.9,-17.4,1100.9,14.6
"2016","양평",12.9,18.8,7.9,36.1,-17.8,935.9,15.5
"2016","이천",12.7,19.0,7.2,36.3,-18.5,870.2,15.1
"2016","인제",11.2,17.4,6.0,35.0,-19.0,1185.7,14.0
"2016","홍천",12.3,18.9,6.9,36.6,-19.3,967.9,14.2
"2016","태백",9.8,15.3,4.8,34.6,-20.4,1141.4,11.5
"2016","정선",11.5,17.9,6.5,35.9,-18.3,1174.2,13.6
"2016","제천",11.3,17.8,5.4,35.4,-20.7,1107.9,13.6
"2016","보은",12.3,18.8,6.7,35.6,-18.2,1291.6,15.4
"2016","천안",12.7,18.6,7.4,35.1,-18.6,1004.8,15.0
"2016","보령",13.6,18.3,9.5,33.9,-13.6,792.8,16.0
"2016","부여",13.3,19.4,8.2,36.2,-17.5,1129.3,16.0
"2016","금산",12.7,19.0,7.3,35.7,-17.4,1325.6,15.3
"2016","부안",13.8,19.0,9.5,35.1,-15.6,1075.5,15.8
"2016","임실",12.5,19.1,7.0,36.3,-20.6,1326.5,14.2
"2016","정읍",14.3,19.7,9.7,36.4,-14.7,1279.5,16.4
"2016","남원",13.5,19.4,8.5,36.2,-17.0,1388.5,15.2
"2016","장수",11.7,18.0,6.1,34.1,-17.5,1485.8,15.0
"2016","고창군",14.3,19.8,9.7,37.0,-13.0,1126.1,16.0
"2016","영광",13.7,18.8,9.2,35.1,-13.2,1209.3,15.8
"2016","김해",15.4,20.6,11.4,36.7,-10.4,1634.0,17.7
"2016","순창",12.7,18.7,7.5,35.4,-17.7,1509.9,15.2
"2016","북창원",14.9,19.9,10.7,36.3,-11.3,1985.7,16.5
"2016","양산",15.3,20.7,10.8,37.5,-10.5,1978.8,16.5
"2016","보성",14.7,19.7,10.1,36.1,-9.6,1599.8,16.4
"2016","강진",14.4,19.6,10.0,37.0,-9.5,1619.4,16.3
"2016","장흥",14.3,19.5,9.5,36.2,-10.5,1513.2,16.7
"2016","해남",14.0,19.4,9.1,37.1,-9.8,1360.2,17.1
"2016","고흥",14.2,19.3,9.6,36.0,-9.3,1641.9,16.6
"2016","의령",13.3,19.9,7.9,37.0,-13.9,1474.0,17.1
"2016","함양",13.6,20.0,8.1,37.3,-11.7,1128.0,15.1
"2016","광양",15.4,20.1,11.5,37.8,-9.9,1607.4,17.4
"2016","진도",14.5,18.7,10.4,35.2,-8.6,1569.1,17.1
"2016","봉화",10.8,17.6,4.8,35.0,-18.7,1044.8,13.3
"2016","영주",12.3,18.2,6.8,35.5,-16.9,1263.3,16.0
"2016","문경",12.3,18.0,7.3,36.3,-16.2,1193.8,16.1
"2016","청송",11.8,18.6,6.0,36.3,-15.9,1008.0,14.7
"2016","영덕",13.8,19.1,9.2,38.6,-13.7,1088.3,15.7
"2016","의성",12.7,20.0,6.5,38.0,-19.3,1017.5,15.5
"2016","구미",14.2,19.5,9.4,36.6,-13.1,1208.0,16.5
"2016","영천",13.9,19.9,8.5,39.6,-13.9,1175.2,15.7
"2016","경주",14.0,19.9,8.9,39.4,-12.9,1251.4,15.6
"2016","거창",12.7,19.1,7.3,36.5,-13.4,1229.8,15.8
"2016","합천",13.8,20.3,8.5,39.2,-14.0,1505.6,17.4
"2016","밀양",14.7,20.8,9.5,37.8,-12.0,1568.2,16.9
"2016","산청",13.8,19.6,9.0,37.0,-12.1,1530.0,15.9
"2016","거제",15.6,20.1,11.7,36.9,-8.7,2262.6,17.5
"2016","남해",15.1,20.0,11.1,37.5,-8.8,2400.8,17.0
"2017","속초",13.1,17.4,8.9,34.9,-11.2,1208.2,14.9
"2017","북춘천",11.3,18.1,5.3,37.5,-19.0,1133.4,13.7
"2017","철원",10.5,16.8,4.5,33.8,-18.8,1233.4,13.6
"2017","동두천",11.8,18.6,6.4,35.9,-16.6,989.7,14.6
"2017","파주",10.5,17.2,4.7,34.9,-18.8,947.8,13.8
"2017","대관령",7.3,12.5,2.0,31.1,-21.1,1025.3,9.7
"2017","춘천",11.7,17.6,6.4,36.3,-17.6,1217.2,13.7
"2017","백령도",11.8,15.0,9.3,31.8,-7.4,335.1,14.9
"2017","북강릉",13.1,17.3,8.8,33.9,-10.7,1172.4,14.9
"2017","강릉",13.9,18.3,9.9,37.1,-9.6,1081.9,15.4
"2017","동해",14.1,18.0,10.2,33.8,-7.5,985.7,14.9
"2017","서울",13.0,18.1,8.8,35.4,-12.6,1233.2,15.0
"2017","인천",12.5,16.3,9.3,34.0,-11.1,1028.9,13.9
"2017","원주",12.1,17.3,7.3,34.8,-15.2,1063.6,13.9
"2017","울릉도",13.1,16.2,10.5,32.4,-7.0,1181.7,15.0
"2017","수원",12.6,18.3,7.8,36.9,-13.6,1328.6,14.0
"2017","영월",11.7,17.9,6.2,35.7,-15.6,996.1,13.8
"2017","충주",12.0,18.3,6.4,36.3,-16.0,1072.9,14.2
"2017","서산",12.2,17.6,7.2,34.7,-12.9,830.4,16.1
"2017","울진",13.2,18.0,8.8,37.1,-9.0,857.5,15.8
"2017","청주",13.4,18.7,8.9,36.7,-11.1,1301.2,14.8
"2017","대전",13.4,18.9,8.5,35.9,-11.8,1127.5,16.1
"2017","추풍령",11.9,17.7,6.6,34.6,-12.1,921.8,14.1
"2017","안동",12.6,19.0,7.0,36.6,-14.5,938.8,14.8
"2017","상주",13.3,19.3,8.2,36.6,-11.2,953.3,16.1
"2017","포항",15.0,19.4,11.1,38.6,-8.0,674.3,17.4
"2017","군산",13.1,18.2,8.8,36.2,-10.0,774.4,15.4
"2017","대구",14.4,20.1,9.3,38.4,-10.2,663.7,17.1
"2017","전주",13.6,19.0,9.2,35.1,-9.7,947.8,16.2
"2017","울산",14.5,19.4,10.1,36.1,-8.7,671.4,15.2
"2017","창원",14.8,20.0,10.5,38.5,-8.4,879.3,16.3
"2017","광주",14.6,20.1,10.2,37.3,-7.9,936.6,16.4
"2017","부산",15.2,19.6,11.7,36.2,-7.7,1014.4,17.5
"2017","통영",14.9,19.4,11.1,36.3,-7.3,1249.4,18.3
"2017","목포",14.3,18.5,10.8,34.5,-6.5,722.5,17.2
"2017","여수",14.3,18.5,10.8,34.5,-6.5,722.5,17.2
"2017","흑산도",15.0,18.8,11.9,35.9,-6.8,1019.6,16.7
"2017","완도",13.5,17.2,10.8,33.7,-2.7,746.9,16.7
"2017","고창",14.9,19.6,11.0,35.4,-5.1,958.1,16.9
"2017","순천",13.1,18.7,8.1,35.3,-9.4,901.9,15.2
"2017","진도(첨찰산)",12.7,19.3,7.1,36.4,-10.2,883.4,14.9
"2017","홍성",12.4,17.4,9.0,34.0,-7.7,814.5,15.4
"2017","고산",16.8,20.0,14.0,37.0,-1.1,773.3,18.4
"2017","성산",16.0,19.1,13.4,35.1,-1.4,861.3,18.3
"2017","서귀포",16.0,19.8,12.3,34.3,-3.8,1917.7,16.8
"2017","진주",17.0,20.3,14.0,35.8,-1.6,1334.0,18.8
"2017","강화",13.5,20.3,7.5,37.1,-12.0,766.7,16.4
"2017","양평",11.5,16.5,6.6,33.4,-14.3,809.3,14.0
"2017","이천",12.2,18.1,6.8,36.3,-17.0,1188.4,15.1
"2017","인제",11.7,18.2,5.9,37.1,-17.4,1020.0,14.7
"2017","홍천",10.5,16.8,5.2,35.8,-17.3,1209.3,13.5
"2017","태백",11.3,18.0,5.7,37.2,-18.2,1192.2,13.7
"2017","정선",9.0,14.5,3.9,33.1,-16.3,933.8,10.9
"2017","제천",10.8,17.3,5.5,35.5,-17.2,972.5,13.6
"2017","보은",10.5,17.2,4.3,36.2,-18.9,1070.7,13.4
"2017","천안",11.5,18.4,5.5,35.8,-16.9,1322.8,14.6
"2017","보령",11.8,18.0,6.1,35.2,-15.9,1305.0,14.1
"2017","부여",12.8,17.5,8.5,35.2,-10.4,856.2,15.2
"2017","금산",12.5,18.9,7.0,36.5,-13.3,1112.0,14.6
"2017","부안",11.8,18.5,6.0,36.0,-15.0,967.6,14.3
"2017","임실",13.2,18.7,8.6,35.8,-9.7,906.5,15.3
"2017","정읍",11.6,18.6,5.6,36.5,-14.9,958.3,13.5
"2017","남원",13.1,18.8,8.1,35.8,-10.9,938.2,15.6
"2017","장수",12.7,19.2,7.2,37.0,-13.1,851.3,14.5
"2017","고창군",10.8,17.5,4.8,35.3,-16.6,1128.1,14.2
"2017","영광",13.5,19.4,8.3,36.2,-10.0,1063.3,15.4
"2017","김해",12.9,18.6,8.0,35.8,-9.9,841.7,15.2
"2017","순창",14.6,20.2,10.1,38.0,-8.4,755.8,16.9
"2017","북창원",12.2,18.7,6.6,36.7,-14.8,1023.2,14.3
"2017","보성",15.1,21.0,10.1,38.7,-8.5,720.2,16.2
"2017","강진",14.1,19.9,8.8,35.5,-8.7,918.1,15.7
"2017","장흥",-,19.7,8.8,37.0,-7.3,816.2,16.0
"2017","해남",13.8,19.8,8.2,35.6,-8.8,969.7,15.9
"2017","고흥",13.4,19.5,7.6,37.2,-10.4,725.3,17.1
"2017","의령",13.7,19.5,8.4,36.0,-10.6,1115.4,16.1
"2017","함양",13.6,20.9,7.4,37.6,-12.2,876.8,16.7
"2017","광양",14.9,20.1,10.6,37.0,-7.6,824.4,16.7
"2017","진도",14.0,18.7,9.4,34.8,-6.1,787.6,18.0
"2017","봉화",10.3,17.4,3.9,34.6,-17.9,795.3,12.7
"2017","영주",11.6,17.7,5.9,36.4,-15.4,1055.3,15.4
"2017","문경",12.4,18.5,7.0,36.0,-13.1,1292.8,15.4
"2017","청송",11.2,18.5,5.0,36.9,-16.3,783.9,13.9
"2017","영덕",13.7,19.3,8.8,38.1,-9.4,880.3,16.3
"2017","의성",11.9,19.9,5.0,36.6,-16.7,691.7,14.9
"2017","구미",13.7,19.7,8.4,36.2,-10.8,688.6,16.3
"2017","영천",13.5,20.2,7.5,38.9,-13.4,713.9,15.6
"2017","경주",13.7,20.3,7.9,39.7,-10.2,590.7,15.5
"2017","거창",12.2,19.3,6.0,36.2,-13.9,782.8,15.1
"2017","합천",13.5,20.7,7.2,38.4,-13.0,780.0,17.0
"2017","밀양",14.2,21.2,8.1,39.0,-11.4,558.1,17.2
"2017","산청",13.3,19.9,7.8,36.5,-12.6,770.8,15.7
"2017","거제",15.2,20.2,11.0,37.0,-6.8,1411.1,16.9
"2017","남해",14.9,20.2,10.4,36.9,-9.1,1157.8,17.0
"2018","속초",12.6,16.9,8.5,38.7,-16.2,1777.0,14.4
"2018","북춘천",11.2,17.9,5.3,40.6,-21.7,1261.9,-
"2018","철원",10.4,16.7,4.6,38.4,-25.2,1480.6,13.4
"2018","동두천",11.7,18.4,6.4,38.7,-20.4,1500.0,14.3
"2018","파주",10.5,17.1,4.9,37.6,-23.5,1009.5,13.0
"2018","대관령",7.2,12.5,2.0,32.9,-24.4,1731.4,9.3
"2018","춘천",11.6,17.6,6.4,39.5,-21.6,1401.5,13.7
"2018","백령도",11.0,14.1,8.3,32.8,-13.7,831.1,-
"2018","북강릉",12.7,16.9,8.5,37.1,-15.9,1548.1,13.9
"2018","강릉",13.7,18.0,9.8,38.2,-14.2,1599.4,15.2
"2018","동해",13.2,17.1,9.4,35.8,-12.4,1436.5,14.8
"2018","서울",12.9,17.9,8.8,39.6,-17.8,1284.1,14.6
"2018","인천",12.5,16.3,9.2,35.9,-17.1,1134.4,13.8
"2018","원주",12.4,17.7,7.7,38.8,-17.4,1229.2,13.7
"2018","울릉도",13.0,16.0,10.5,34.5,-10.7,1586.4,15.2
"2018","수원",12.7,18.5,7.9,39.3,-16.8,1293.1,13.7
"2018","영월",11.5,18.0,6.1,39.9,-18.5,1360.8,14.1
"2018","충주",12.0,18.4,6.4,40.0,-19.2,1349.1,14.7
"2018","서산",12.2,17.6,7.4,37.1,-15.9,1227.2,14.8
"2018","울진",13.0,17.8,8.6,36.6,-13.3,1436.2,15.4
"2018","청주",13.5,18.7,9.1,39.1,-15.8,1381.6,14.8
"2018","대전",13.5,19.0,8.8,39.4,-16.3,1542.1,15.8
"2018","추풍령",11.9,17.5,6.5,36.7,-15.9,1304.2,14.2
"2018","안동",12.7,18.9,7.3,38.9,-18.2,1078.0,15.1
"2018","상주",13.1,19.1,8.0,38.5,-14.9,1357.2,15.8
"2018","포항",14.8,19.0,11.1,39.4,-12.9,1284.3,16.9
"2018","군산",13.2,18.1,9.0,37.1,-15.0,1637.1,15.9
"2018","대구",14.1,19.6,9.2,39.2,-13.9,1297.6,16.3
"2018","전주",13.9,19.3,9.5,38.9,-15.0,1332.5,16.7
"2018","울산",14.3,19.0,10.2,37.3,-12.4,1416.1,14.9
"2018","창원",14.2,19.1,10.1,37.0,-12.0,1507.3,15.9
"2018","광주",14.6,20.1,10.3,38.5,-11.5,1427.9,16.5
"2018","부산",15.1,19.2,11.8,36.4,-9.9,1778.6,17.6
"2018","통영",14.8,19.2,11.2,36.9,-9.0,2118.7,16.8
"2018","목포",14.4,18.4,11.1,36.7,-11.3,1363.3,17.2
"2018","여수",14.9,18.4,12.0,35.0,-10.3,1578.7,16.5
"2018","흑산도",13.8,17.2,11.4,34.9,-6.7,1516.2,17.1
"2018","완도",14.8,19.2,11.1,35.7,-8.2,1431.4,16.3
"2018","고창",13.3,18.8,8.5,37.8,-15.8,1316.9,15.6
"2018","순천",12.7,18.8,7.3,35.8,-12.5,1532.4,14.7
"2018","진도(첨찰산)",12.2,17.1,9.1,35.6,-13.8,1394.6,15.2
"2018","홍성",12.4,17.8,7.3,37.0,-16.6,1299.0,15.1
"2018","제주",16.6,19.8,13.9,35.3,-2.6,1769.5,18.3
"2018","고산",16.1,19.2,13.6,35.5,-2.7,1345.8,18.0
"2018","성산",15.7,19.3,12.3,34.7,-3.8,2146.7,16.6
"2018","서귀포",16.7,20.0,13.9,33.5,-3.0,2166.2,18.5
"2018","진주",13.4,19.8,7.7,37.9,-14.3,1605.4,-
"2018","강화",11.3,16.4,6.5,35.4,-19.0,1072.3,13.7
"2018","양평",12.1,18.2,6.8,40.1,-19.9,1355.4,14.5
"2018","이천",11.7,18.3,6.0,39.4,-19.2,1425.5,14.5
"2018","인제",10.1,16.5,4.8,37.7,-21.3,1214.3,12.4
"2018","홍천",11.2,18.0,5.6,41.0,-21.7,1348.6,13.7
"2018","태백",9.3,14.8,4.2,35.7,-20.1,1489.3,10.7
"2018","정선",10.6,17.2,5.4,39.6,-20.1,1420.9,13.7
"2018","제천",10.5,17.4,4.5,39.4,-21.3,1409.3,13.7
"2018","보은",11.6,18.5,5.7,38.2,-19.7,1409.5,14.7
"2018","천안",11.8,18.0,6.2,37.8,-20.6,1163.4,14.7
"2018","보령",13.0,17.6,8.8,36.4,-14.8,1337.2,15.7
"2018","부여",12.7,19.1,7.3,39.3,-16.6,1457.9,15.3
"2018","금산",12.0,18.6,6.2,38.8,-17.5,1397.2,15.0
"2018","부안",13.3,18.8,8.8,38.0,-14.6,1359.0,16.3
"2018","임실",12.0,18.8,6.0,37.5,-20.0,1468.2,14.7
"2018","정읍",13.1,18.7,8.4,38.4,-14.7,1305.0,16.1
"2018","남원",13.0,19.2,7.7,37.5,-16.4,1431.7,15.4
"2018","장수",11.1,17.7,5.2,36.5,-19.4,1665.0,14.7
"2018","고창군",12.8,18.7,7.9,37.7,-15.6,1314.1,15.7
"2018","영광",13.1,18.7,8.4,37.6,-15.2,1378.0,15.7
"2018","김해",14.8,20.3,10.5,38.5,-12.4,1469.7,-
"2018","순창",12.8,19.2,7.4,38.1,-16.2,1523.3,15.7
"2018","북창원",14.4,19.8,10.0,37.3,-11.7,1654.9,16.7
"2018","양산",14.8,20.5,10.0,39.1,-11.1,1589.2,15.4
"2018","보성",14.1,19.4,9.1,36.2,-11.6,1430.1,15.7
"2018","강진",14.0,19.5,9.3,37.4,-12.7,1634.5,16.3
"2018","장흥",13.8,19.5,8.5,36.8,-13.2,1410.9,15.9
"2018","해남",13.2,19.0,7.9,36.6,-14.0,1297.1,15.8
"2018","고흥",13.6,19.1,8.5,35.7,-12.6,1458.8,15.7
"2018","의령",13.5,20.4,7.6,38.7,-14.4,1561.6,16.4
"2018","함양",12.7,19.6,6.7,37.8,-16.0,1666.7,14.2
"2018","광양",14.8,19.8,10.7,37.6,-11.3,1695.0,16.2
"2018","진도",14.1,18.5,9.8,35.5,-9.5,1589.5,17.1
"2018","봉화",10.3,17.4,4.0,37.8,-21.7,1290.7,13.0
"2018","영주",11.6,17.6,5.9,38.0,-19.0,1591.5,15.7
"2018","문경",12.4,18.4,7.0,38.1,-16.7,1360.1,15.3
"2018","청송",11.2,18.1,5.3,38.1,-19.8,1139.7,14.5
"2018","영덕",13.4,18.9,8.6,39.9,-14.6,1365.4,15.9
"2018","의성",12.4,20.2,5.7,40.4,-19.2,1079.4,15.3
"2018","구미",13.6,19.3,8.5,38.1,-14.6,1410.1,16.2
"2018","영천",13.3,19.8,7.6,39.1,-14.8,1149.8,15.1
"2018","경주",13.5,19.7,8.1,39.8,-13.0,1303.7,15.2
"2018","거창",12.3,19.1,6.2,37.1,-16.4,1215.6,15.0
"2018","합천",13.3,20.3,7.3,39.5,-15.2,1479.4,16.5
"2018","밀양",13.8,20.3,8.2,38.9,-13.7,1337.0,16.5
"2018","산청",13.1,19.5,7.8,37.9,-14.6,1601.5,15.4
"2018","거제",15.0,19.8,11.0,37.8,-8.3,2507.6,16.2
"2018","남해",14.6,19.7,10.3,36.8,-9.9,2203.6,16.6
"2019","속초",13.8,18.0,9.6,36.1,-9.0,1355.5,15.0
"2019","북춘천",11.7,18.3,5.8,36.5,-15.1,931.8,14.3
"2019","철원",11.1,17.5,5.0,35.1,-17.1,920.5,13.4
"2019","동두천",12.0,18.4,6.6,35.8,-13.4,1028.1,14.4
"2019","파주",11.3,17.7,5.5,34.7,-16.1,1022.4,13.7
"2019","대관령",8.1,13.6,2.7,30.2,-20.1,1198.5,10.1
"2019","춘천",12.3,18.3,7.1,36.3,-14.1,923.2,14.0
"2019","백령도",12.0,15.3,9.3,31.2,-9.3,595.4,15.0
"2019","북강릉",13.6,17.9,9.4,34.5,-7.6,1569.7,14.9
"2019","강릉",14.7,19.4,10.7,36.4,-6.2,1670.5,15.6
"2019","동해",13.4,17.4,9.6,33.5,-6.0,1532.8,15.4
"2019","서울",13.5,18.5,9.3,36.8,-10.9,891.3,15.2
"2019","인천",13.2,17.1,9.9,36.0,-10.4,919.5,14.2
"2019","원주",13.0,18.3,8.1,35.9,-11.3,771.9,13.7
"2019","울릉도",13.7,16.8,11.1,32.7,-2.9,1367.4,16.0
"2019","수원",13.2,18.8,8.2,36.5,-10.8,915.8,14.0
"2019","영월",12.1,18.7,6.6,36.9,-13.4,830.4,14.3
"2019","충주",12.3,18.6,6.7,35.5,-13.2,795.5,14.5
"2019","서산",12.7,18.3,7.6,36.3,-10.9,915.0,14.8
"2019","울진",13.9,18.7,9.6,35.8,-5.4,1581.2,15.9
"2019","청주",14.2,19.3,9.7,36.7,-8.6,856.7,15.7
"2019","대전",14.0,19.5,9.2,36.0,-9.6,984.2,15.9
"2019","추풍령",12.4,17.9,7.1,33.8,-11.2,1164.1,14.2
"2019","안동",12.9,18.9,7.4,36.9,-11.6,867.8,15.7
"2019","상주",13.4,19.2,8.3,35.2,-8.7,1062.5,15.7
"2019","포항",15.5,19.8,11.8,36.5,-5.1,1425.1,17.5
"2019","군산",13.5,18.4,9.3,34.9,-8.1,1008.1,15.7
"2019","대구",14.8,20.3,9.9,36.9,-7.2,995.7,16.7
"2019","전주",14.2,19.5,9.7,35.1,-7.5,968.9,16.3
"2019","울산",14.9,19.7,10.7,35.0,-5.3,1450.1,15.1
"2019","창원",14.6,19.7,10.5,35.6,-5.9,1587.0,16.5
"2019","광주",14.7,20.0,10.5,34.8,-5.9,1085.9,16.5
"2019","부산",15.7,19.8,12.5,35.0,-4.4,1623.2,16.9
"2019","통영",15.3,19.8,11.6,35.9,-4.2,1684.6,16.8
"2019","목포",14.3,18.2,11.1,33.8,-4.1,1248.4,16.7
"2019","여수",15.4,19.0,12.5,33.9,-4.8,1529.9,16.7
"2019","흑산도",14.1,17.4,11.7,29.9,-1.2,1079.1,16.9
"2019","완도",15.0,19.5,11.3,33.5,-4.1,1678.8,16.3
"2019","고창",13.4,18.9,8.6,35.1,-8.3,1099.5,15.3
"2019","순천",13.1,19.3,7.9,33.8,-8.5,1568.2,14.8
"2019","홍성",12.7,18.3,7.5,34.7,-10.9,922.3,15.1
"2019","제주",16.8,19.9,14.2,35.4,1.0,1979.9,18.4
"2019","고산",16.2,19.2,13.7,32.9,1.3,1560.9,17.8
"2019","성산",16.1,19.8,12.5,32.5,-0.7,2658.1,17.0
"2019","서귀포",17.3,20.5,14.4,32.2,2.0,2210.3,19.7
"2019","진주",13.9,20.5,8.3,35.7,-10.1,1481.6,16.5
"2019","강화",12.2,17.4,7.1,35.0,-12.6,1079.3,14.5
"2019","양평",12.7,18.8,7.4,36.4,-13.6,1038.6,14.8
"2019","이천",12.3,18.9,6.6,37.3,-14.6,997.5,14.7
"2019","인제",11.2,17.6,5.8,36.0,-15.4,779.3,13.8
"2019","홍천",12.1,19.0,6.6,37.1,-14.9,871.4,14.1
"2019","태백",9.9,15.6,4.8,33.0,-14.6,1169.8,11.4
"2019","정선",11.2,17.9,5.9,35.6,-13.8,798.9,13.6
"2019","제천",11.1,18.2,4.9,36.5,-16.1,843.0,13.5
"2019","보은",12.2,19.0,6.1,35.8,-13.1,1046.2,14.3
"2019","천안",12.0,18.1,6.3,34.3,-13.2,845.6,14.3
"2019","보령",13.2,18.1,8.9,35.5,-8.0,821.9,15.9
"2019","부여",12.9,19.5,7.4,36.4,-10.9,992.0,15.4
"2019","금산",12.4,19.2,6.6,36.1,-12.5,982.6,14.8
"2019","부안",13.7,19.1,9.1,35.8,-8.2,1087.5,16.1
"2019","임실",12.2,19.1,6.4,35.3,-12.4,1069.7,14.2
"2019","정읍",13.3,18.8,8.5,34.7,-8.0,1246.7,14.7
"2019","남원",13.3,19.6,8.0,35.4,-10.1,1332.8,14.7
"2019","장수",11.4,18.0,5.6,33.9,-13.6,1262.8,14.1
"2019","고창군",13.2,18.9,8.3,34.5,-8.3,1121.7,15.4
"2019","영광",13.3,18.6,8.6,34.9,-8.9,1205.3,15.8
"2019","김해",15.5,21.1,11.2,36.6,-5.2,1494.0,16.3
"2019","순창",13.0,19.5,7.6,36.0,-10.7,1284.2,15.1
"2019","북창원",14.2,19.8,9.7,34.9,-6.8,1675.3,15.6
"2019","양산",15.4,21.3,10.6,36.9,-6.0,1536.1,15.7
"2019","보성",14.3,19.8,9.3,35.1,-8.3,1527.2,15.3
"2019","강진",14.3,19.8,9.4,35.0,-6.0,1481.6,15.7
"2019","장흥",14.2,20.0,8.8,34.5,-8.2,1517.4,15.9
"2019","해남",13.2,19.1,7.8,34.4,-10.0,1222.0,15.6
"2019","고흥",13.9,19.4,8.7,35.4,-7.5,1676.5,16.1
"2019","의령",14.0,20.9,8.2,36.1,-10.2,1272.8,16.3
"2019","함양",13.2,20.0,7.3,35.1,-11.0,1464.6,14.4
"2019","광양",15.4,20.5,11.2,34.8,-5.6,1566.1,16.5
"2019","진도",14.2,18.6,9.8,33.3,-5.3,1538.8,16.3
"2019","봉화",11.0,18.1,4.8,34.5,-15.6,1005.8,12.9
"2019","영주",12.1,18.1,6.4,36.2,-13.5,996.4,15.6
"2019","문경",12.9,18.9,7.4,35.5,-10.5,1082.5,15.5
"2019","청송",11.7,18.5,5.8,35.5,-13.5,982.8,14.0
"2019","영덕",14.3,19.9,9.6,35.8,-6.0,1455.9,16.8
"2019","의성",12.9,20.7,6.3,37.6,-13.7,831.3,15.6
"2019","구미",14.2,19.9,9.1,35.9,-7.5,1133.2,16.6
"2019","영천",14.1,20.5,8.3,37.2,-10.2,1038.0,15.9
"2019","경주",14.1,20.5,8.7,37.5,-8.3,1239.8,16.0
"2019","거창",12.7,19.6,6.7,34.6,-12.0,1232.4,15.0
"2019","합천",13.8,20.9,8.0,36.6,-10.7,1417.6,17.0
"2019","밀양",14.3,20.8,8.6,36.6,-9.4,1181.1,17.2
"2019","산청",13.7,20.2,8.3,36.4,-9.6,1769.9,15.3
"2019","거제",15.6,20.5,11.5,35.8,-3.4,2268.7,16.1
"2019","남해",15.2,20.3,10.9,35.2,-5.4,2171.7,16.8
"2020","속초",13.3,17.5,9.3,35.1,-11.3,2085.8,14.8
"2020","북춘천",11.4,17.8,5.9,35.8,-18.5,1561.4,14.3
"2020","철원",11.0,16.9,5.4,34.9,-18.8,1749.3,13.6
"2020","동두천",11.8,18.0,6.8,35.5,-15.9,1641.9,14.2
"2020","파주",11.2,17.3,5.8,34.4,-17.4,1612.3,13.7
"2020","대관령",7.8,13.1,2.7,31.6,-24.0,1755.8,10.2
"2020","춘천",12.2,18.0,7.1,36.4,-17.2,1550.9,13.8
"2020","백령도",12.1,15.0,9.7,30.5,-10.0,1258.4,14.0
"2020","북강릉",13.1,17.5,8.9,35.2,-11.7,1801.7,14.8
"2020","강릉",14.3,18.6,10.4,36.5,-10.3,1812.9,15.8
"2020","동해",12.9,16.9,9.3,32.9,-9.2,1322.4,15.9
"2020","서울",13.2,17.9,9.4,35.4,-12.9,1651.1,14.7
"2020","인천",12.8,16.3,9.8,33.9,-11.9,1311.9,13.7
"2020","원주",12.8,17.9,8.2,34.5,-14.6,1317.0,14.5
"2020","울릉도",13.4,16.5,11.0,32.0,-5.5,1462.0,14.8
"2020","수원",12.9,18.0,8.5,34.9,-12.6,1635.5,14.0
"2020","영월",11.9,18.4,6.7,36.8,-17.4,1344.1,14.3
"2020","충주",12.1,18.1,6.8,34.5,-17.0,1446.5,14.5
"2020","서산",12.6,18.0,8.0,34.9,-10.5,1488.7,14.5
"2020","울진",13.4,18.0,9.1,35.0,-11.0,1336.2,16.0
"2020","청주",13.9,18.9,9.7,36.0,-13.7,1358.6,16.3
"2020","대전",13.7,19.2,9.2,35.4,-13.2,1614.0,15.6
"2020","추풍령",12.0,17.4,7.1,33.6,-13.5,1554.0,14.8
"2020","안동",12.6,18.6,7.3,35.7,-14.7,1211.8,15.8
"2020","상주",13.1,18.8,8.2,35.0,-13.0,1563.7,15.3
"2020","포항",15.1,19.4,11.4,36.9,-10.1,1238.9,17.3
"2020","군산",13.4,18.2,9.4,34.7,-10.6,1664.8,15.7
"2020","대구",14.5,20.0,9.8,37.0,-10.3,1244.9,16.9
"2020","전주",14.0,19.2,9.7,35.1,-10.0,1780.8,16.1
"2020","울산",14.6,19.3,10.6,35.5,-8.9,1557.9,15.0
"2020","창원",14.4,19.3,10.5,35.8,-9.8,1672.8,15.5
"2020","광주",14.5,19.6,10.5,34.4,-8.9,2027.0,16.8
"2020","부산",15.2,19.4,11.9,33.2,-8.0,2281.6,18.0
"2020","통영",15.0,19.3,11.5,35.0,-6.7,2137.7,16.9
"2020","목포",14.0,17.5,11.0,33.3,-7.5,1427.7,16.3
"2020","여수",15.1,18.6,12.2,32.6,-7.0,1751.9,17.4
"2020","흑산도",14.1,17.4,11.8,33.1,-3.3,1187.2,16.4
"2020","완도",14.9,19.1,11.3,34.0,-5.3,1580.7,16.0
"2020","고창",13.3,18.6,8.9,34.0,-10.5,1554.7,15.0
"2020","순천",13.0,18.9,8.0,35.6,-9.3,1906.1,14.2
"2020","홍성",12.8,18.0,8.0,34.7,-12.6,1609.7,15.1
"2020","제주",16.7,20.0,14.0,36.3,-1.4,1389.5,17.6
"2020","고산",16.0,19.0,13.6,32.9,-1.4,1228.9,18.0
"2020","성산",16.0,19.5,12.6,33.8,-2.8,2116.2,16.7
"2020","서귀포",16.8,19.9,13.9,31.3,-2.1,2089.6,19.4
"2020","진주",13.7,20.0,8.3,35.7,-9.8,1812.7,16.0
"2020","강화",11.9,16.6,7.3,34.2,-13.6,1436.9,14.1
"2020","양평",12.5,18.1,7.7,35.0,-14.7,1366.4,15.0
"2020","이천",12.5,18.4,7.3,34.8,-15.5,1668.8,14.3
"2020","인제",11.2,17.3,6.2,35.1,-16.7,1429.1,14.1
"2020","홍천",11.6,18.0,6.3,35.7,-18.2,1485.8,13.9
"2020","태백",9.6,15.0,4.9,34.9,-17.1,1530.1,11.9
"2020","정선",11.0,17.4,6.0,36.0,-17.8,1305.4,13.6
"2020","제천",11.0,17.1,5.3,33.9,-20.3,1551.8,13.5
"2020","보은",11.7,18.0,6.3,33.5,-17.3,1768.8,14.5
"2020","천안",12.2,18.0,7.0,34.1,-16.0,1443.5,14.1
"2020","보령",13.1,17.7,9.1,34.5,-8.7,1301.9,15.3
"2020","부여",12.8,18.9,7.7,34.8,-12.4,1624.8,15.4
"2020","금산",12.5,18.7,7.2,34.4,-15.4,1758.2,14.9
"2020","부안",13.5,18.5,9.4,34.5,-11.1,1694.8,16.1
"2020","임실",12.0,18.0,6.9,32.7,-13.2,1869.8,14.2
"2020","정읍",13.2,18.5,8.8,34.0,-10.9,1718.9,14.9
"2020","남원",13.1,19.1,8.1,34.7,-12.3,2007.2,15.3
"2020","장수",11.2,17.3,6.0,33.2,-13.1,2126.0,13.6
"2020","고창군",13.3,18.7,8.7,33.7,-11.0,1671.7,15.5
"2020","영광",13.3,18.4,9.0,34.5,-9.9,1787.9,16.7
"2020","김해",14.8,20.2,10.6,35.8,-8.9,1702.5,16.3
"2020","순창",13.0,18.9,8.0,34.8,-12.6,2133.7,15.0
"2020","북창원",15.2,20.5,10.9,36.9,-7.7,1798.6,16.3
"2020","양산",15.0,20.7,10.4,37.8,-8.2,1892.5,16.1
"2020","보성",14.6,19.8,9.8,35.1,-7.6,1716.2,15.6
"2020","강진",14.2,19.5,9.6,34.3,-7.6,1654.4,15.1
"2020","장흥",13.7,19.2,8.6,34.4,-9.3,1692.2,15.5
"2020","해남",13.4,18.8,8.3,34.2,-10.7,-,16.4
"2020","고흥",13.6,19.0,8.7,34.2,-8.8,1520.2,16.5
"2020","의령",13.9,20.7,8.3,36.5,-11.3,1747.5,16.3
"2020","함양",13.0,19.7,7.5,36.3,-10.4,1910.6,14.1
"2020","광양",15.0,20.0,11.0,35.7,-7.3,1821.0,16.6
"2020","진도",14.2,18.5,10.1,33.0,-6.3,1515.5,16.8
"2020","봉화",10.8,16.9,5.3,32.8,-17.7,1297.3,13.2
"2020","영주",12.0,17.6,6.7,33.5,-14.3,1499.9,15.4
"2020","문경",12.5,18.0,7.5,34.0,-13.3,1694.4,14.8
"2020","청송",11.5,18.5,5.7,36.4,-16.3,1285.8,13.9
"2020","영덕",13.5,18.7,9.1,35.4,-12.6,1308.8,16.3
"2020","의성",12.3,19.5,6.1,35.9,-15.9,1128.9,15.3
"2020","구미",13.9,19.6,9.0,35.1,-10.1,1469.5,16.5
"2020","영천",13.3,19.3,7.9,35.6,-11.3,1234.5,15.6
"2020","경주",13.9,19.9,8.7,36.9,-10.5,1371.6,15.8
"2020","거창",12.5,19.1,6.8,36.2,-12.0,1726.7,14.7
"2020","합천",13.5,20.0,8.1,35.6,-10.6,1733.5,16.3
"2020","밀양",14.1,20.3,8.7,36.2,-9.9,1398.8,17.1
"2020","산청",13.3,19.3,8.3,36.2,-9.5,2136.8,15.6
"2020","거제",14.7,19.1,11.1,34.5,-5.9,2481.8,16.8
"2020","남해",14.6,19.4,10.6,34.6,-7.4,2258.0,16.6
"2021","속초",13.2,17.4,9.2,33.8,-16.1,1199.7,15.2
"2021","북춘천",11.6,18.0,6.1,36.6,-22.5,1065.2,14.1
"2021","철원",11.3,17.5,5.6,35.7,-22.4,1115.3,13.4
"2021","동두천",12.1,18.4,6.9,35.7,-20.2,1035.6,14.7
"2021","파주",11.5,17.9,6.1,35.1,-21.7,1037.9,13.8
"2021","대관령",7.9,13.3,2.9,30.6,-24.3,1027.3,10.3
"2021","춘천",12.4,18.4,7.3,36.6,-21.9,1045.9,14.0
"2021","백령도",12.5,15.8,9.7,31.7,-11.9,1119.8,14.5
"2021","북강릉",13.1,17.5,8.8,34.1,-16.9,1392.4,14.4
"2021","강릉",14.6,19.2,10.5,36.5,-15.1,1316.4,16.0
"2021","동해",13.5,17.6,9.7,32.2,-12.6,1244.6,15.9
"2021","서울",13.7,18.5,9.6,36.5,-18.6,1186.5,14.8
"2021","인천",13.4,17.1,10.0,34.5,-17.5,1071.8,14.5
"2021","원주",13.0,18.2,8.2,35.6,-18.4,1113.0,14.5
"2021","울릉도",13.5,16.7,11.0,32.2,-9.0,1533.0,14.4
"2021","수원",13.4,18.6,8.7,36.3,-18.6,1084.4,14.3
"2021","영월",12.1,18.5,6.9,36.6,-19.0,1106.4,14.0
"2021","충주",12.4,18.4,7.1,34.9,-19.6,1365.5,14.8
"2021","서산",13.2,18.8,8.4,35.8,-19.7,1207.3,15.5
"2021","울진",13.5,18.1,9.1,32.5,-16.1,1158.9,15.5
"2021","청주",14.4,19.3,9.9,36.4,-16.3,1001.6,16.2
"2021","대전",14.3,19.7,9.5,36.1,-17.5,1109.5,15.4
"2021","추풍령",12.3,17.7,7.2,33.7,-17.4,1129.1,14.4
"2021","안동",12.7,18.7,7.5,36.0,-15.8,974.0,15.1
"2021","상주",13.2,19.0,8.2,34.7,-16.3,1230.8,15.6
"2021","포항",15.2,19.2,11.5,35.3,-12.6,1405.7,16.9
"2021","군산",13.9,18.9,9.8,34.4,-16.8,1151.7,16.5
"2021","대구",14.6,20.2,9.8,37.2,-13.6,910.0,16.4
"2021","전주",14.6,19.9,10.1,36.3,-16.5,1496.6,16.0
"2021","울산",14.9,19.6,10.8,34.2,-12.2,1337.0,15.1
"2021","창원",14.9,19.9,10.8,35.5,-14.0,1710.6,15.7
"2021","광주",15.1,20.3,10.8,35.1,-13.5,1303.8,17.2
"2021","부산",15.7,19.9,12.4,35.6,-12.2,1807.8,18.4
"2021","통영",15.6,20.1,11.9,36.2,-10.9,1800.1,18.2
"2021","목포",15.1,18.9,11.8,33.6,-12.8,1101.0,16.5
"2021","여수",15.7,19.2,12.7,34.1,-10.9,1571.2,17.3
"2021","흑산도",15.3,18.7,12.8,32.8,-5.9,919.5,16.8
"2021","완도",15.6,19.9,11.9,34.1,-10.2,1607.2,16.6
"2021","고창",14.0,19.6,9.2,35.0,-17.0,1255.8,16.0
"2021","순천",13.5,19.8,8.2,34.9,-16.2,1320.9,14.6
"2021","홍성",13.3,18.7,8.3,34.8,-21.1,1242.8,15.7
"2021","제주",17.5,21.0,14.6,34.2,-3.1,1627.7,18.7
"2021","고산",17.0,20.3,14.3,34.2,-2.8,1387.9,18.4
"2021","성산",16.7,20.4,13.3,32.2,-4.6,2086.3,17.5
"2021","서귀포",17.5,20.7,14.7,32.9,-3.4,2136.2,19.1
"2021","진주",14.1,20.5,8.5,37.5,-15.4,1395.0,16.1
"2021","강화",12.3,17.3,7.6,34.8,-18.0,1013.6,14.5
"2021","양평",12.7,18.3,7.9,34.9,-20.3,1018.9,15.0
"2021","이천",12.7,18.8,7.3,36.0,-21.4,1076.6,14.6
"2021","인제",11.4,17.6,6.3,36.8,-19.9,923.0,14.3
"2021","홍천",11.8,18.2,6.5,36.9,-21.5,950.3,13.6
"2021","태백",9.5,14.9,4.8,32.5,-18.6,1207.4,10.7
"2021","정선",11.4,17.8,6.3,35.2,-18.9,1112.1,13.6
"2021","제천",11.2,17.4,5.6,34.0,-20.7,1162.2,13.6
"2021","보은",12.1,18.4,6.7,34.2,-20.3,1097.7,14.6
"2021","천안",12.5,18.5,7.2,34.6,-20.5,1058.9,14.6
"2021","보령",13.8,18.5,9.6,34.5,-17.2,1107.9,15.9
"2021","부여",13.3,19.5,8.1,34.9,-21.2,1123.4,15.9
"2021","금산",12.9,19.2,7.5,35.1,-21.1,1290.1,15.3
"2021","세종",13.5,18.9,8.8,34.8,-19.1,1104.6,16.2
"2021","부안",14.0,19.3,9.6,35.0,-18.6,1354.0,16.5
"2021","임실",12.5,18.7,7.2,33.6,-22.8,1259.2,14.9
"2021","정읍",13.8,19.2,9.1,34.8,-17.6,1354.6,16.3
"2021","남원",13.4,19.6,8.3,34.8,-19.7,1136.8,15.3
"2021","장수",11.6,17.9,6.0,33.1,-24.1,1345.2,13.9
"2021","고창군",14.0,19.6,9.1,35.2,-18.1,1174.6,15.8
"2021","영광",14.0,19.4,9.4,35.5,-17.4,1202.6,18.0
"2021","김해",15.1,20.6,10.7,37.5,-13.9,1552.6,16.6
"2021","순창",13.6,19.8,8.4,35.2,-21.5,1232.6,-
"2021","북창원",15.8,21.3,11.3,37.4,-11.7,1555.8,16.1
"2021","양산",15.4,21.1,10.7,37.8,-10.9,1708.2,16.3
"2021","보성",15.0,20.5,10.0,35.1,-11.9,1708.3,15.7
"2021","강진",14.8,20.5,10.0,35.2,-14.3,1494.8,16.1
"2021","장흥",14.2,20.0,9.0,34.5,-15.3,1475.5,15.3
"2021","해남",13.9,19.7,8.7,34.8,-17.1,1387.9,16.7
"2021","고흥",14.3,19.9,9.4,34.6,-14.1,1339.8,17.5
"2021","의령",14.3,21.4,8.4,38.3,-16.3,1205.5,16.3
"2021","함양",13.3,20.1,7.7,36.2,-15.9,1014.9,15.0
"2021","광양",15.5,20.6,11.3,36.5,-11.8,1423.0,16.9
"2021","진도",-,-,-,33.3,-13.7,1549.1,-
"2021","봉화",10.0,16.1,4.6,31.2,-19.2,1129.1,13.2
"2021","영주",12.0,17.8,6.6,34.4,-17.0,1346.5,15.5
"2021","문경",12.5,18.2,7.5,34.7,-16.7,1367.3,14.8
"2021","청송",11.5,18.6,5.7,36.4,-17.7,987.7,14.1
"2021","영덕",13.5,18.7,8.9,34.6,-14.6,1287.0,15.7
"2021","의성",12.4,19.7,6.3,37.0,-21.6,961.7,15.2
"2021","구미",13.9,20.0,8.9,35.6,-13.8,1098.0,16.5
"2021","영천",13.3,19.4,7.9,36.4,-13.6,1094.2,15.3
"2021","경주",13.9,20.0,8.6,36.6,-12.8,1112.1,15.3
"2021","거창",12.8,19.6,7.0,35.4,-17.4,1080.2,15.0
"2021","합천",13.9,20.4,8.5,36.6,-16.6,1146.4,16.8
"2021","밀양",14.5,21.0,9.1,37.8,-14.2,1202.5,16.4
"2021","산청",13.6,19.9,8.3,36.3,-14.5,1142.8,15.7
"2021","거제",15.2,19.5,11.3,34.0,-9.9,2227.9,17.0
"2021","남해",15.1,19.9,11.0,35.5,-11.5,1981.4,17.1
